"(23, 47, 71)",1
"(46, 94, 143)",2
"(69, 142, 215)",3
"(92, 189, 37)",4
"(115, 237, 108)",5
"(138, 34, 180)",6
"(161, 82, 2)",7
"(184, 129, 74)",8
"(208, 177, 146)",9
"(231, 224, 217)",10
"(4, 22, 39)",11
"(27, 69, 111)",12
"(50, 116, 183)",13
"(73, 164, 5)",14
"(96, 211, 76)",15
"(119, 9, 148)",16
"(143, 56, 220)",17
"(166, 104, 42)",18
"(189, 151, 113)",19
"(212, 199, 185)",20
"(235, 246, 7)",21
"(8, 44, 79)",22
"(31, 91, 151)",23
"(54, 138, 222)",24
"(78, 186, 44)",25
"(101, 233, 116)",26
"(124, 31, 188)",27
"(147, 78, 10)",28
"(170, 126, 81)",29
"(193, 173, 153)",30
"(216, 221, 225)",31
"(239, 18, 47)",32
"(13, 66, 119)",33
"(36, 113, 190)",34
"(59, 160, 12)",35
"(82, 208, 84)",36
"(105, 5, 156)",37
"(128, 53, 227)",38
"(151, 100, 49)",39
"(174, 148, 121)",40
"(198, 195, 193)",41
"(221, 243, 15)",42
"(244, 40, 86)",43
"(17, 88, 158)",44
"(40, 135, 230)",45
"(63, 182, 52)",46
"(86, 230, 124)",47
"(109, 27, 195)",48
"(133, 75, 17)",49
"(156, 122, 89)",50
"(179, 170, 161)",51
"(202, 217, 233)",52
"(225, 15, 54)",53
"(248, 62, 126)",54
"(21, 110, 198)",55
"(44, 157, 20)",56
"(68, 204, 91)",57
"(91, 2, 163)",58
"(114, 49, 235)",59
"(137, 97, 57)",60
"(160, 144, 129)",61
"(183, 192, 200)",62
"(206, 239, 22)",63
"(229, 37, 94)",64
"(2, 84, 166)",65
"(26, 132, 238)",66
"(49, 179, 59)",67
"(72, 227, 131)",68
"(95, 24, 203)",69
"(118, 71, 25)",70
"(141, 119, 97)",71
"(164, 166, 168)",72
"(187, 214, 240)",73
"(211, 11, 62)",74
"(234, 59, 134)",75
"(7, 106, 205)",76
"(30, 154, 27)",77
"(53, 201, 99)",78
"(76, 249, 171)",79
"(99, 46, 243)",80
"(122, 93, 64)",81
"(146, 141, 136)",82
"(169, 188, 208)",83
"(192, 236, 30)",84
"(215, 33, 102)",85
"(238, 81, 173)",86
"(11, 128, 245)",87
"(34, 176, 67)",88
"(57, 223, 139)",89
"(81, 21, 211)",90
"(104, 68, 32)",91
"(127, 115, 104)",92
"(150, 163, 176)",93
"(173, 210, 248)",94
"(196, 8, 69)",95
"(219, 55, 141)",96
"(242, 103, 213)",97
"(16, 150, 35)",98
"(39, 198, 107)",99
"(62, 245, 178)",100
"(85, 43, 0)",101
"(108, 90, 72)",102
"(131, 137, 144)",103
"(154, 185, 216)",104
"(177, 232, 37)",105
"(201, 30, 109)",106
"(224, 77, 181)",107
"(247, 125, 3)",108
"(20, 172, 75)",109
"(43, 220, 146)",110
"(66, 17, 218)",111
"(89, 65, 40)",112
"(112, 112, 112)",113
"(136, 159, 183)",114
"(159, 207, 5)",115
"(182, 4, 77)",116
"(205, 52, 149)",117
"(228, 99, 221)",118
"(1, 147, 42)",119
"(24, 194, 114)",120
"(47, 242, 186)",121
"(71, 39, 8)",122
"(94, 87, 80)",123
"(117, 134, 151)",124
"(140, 182, 223)",125
"(163, 229, 45)",126
"(186, 26, 117)",127
"(209, 74, 188)",128
"(232, 121, 10)",129
"(5, 169, 82)",130
"(29, 216, 154)",131
"(52, 14, 226)",132
"(75, 61, 47)",133
"(98, 109, 119)",134
"(121, 156, 191)",135
"(144, 204, 13)",136
"(167, 1, 85)",137
"(190, 48, 156)",138
"(214, 96, 228)",139
"(237, 143, 50)",140
"(10, 191, 122)",141
"(33, 238, 194)",142
"(56, 36, 15)",143
"(79, 83, 87)",144
"(102, 131, 159)",145
"(125, 178, 231)",146
"(149, 226, 52)",147
"(172, 23, 124)",148
"(195, 70, 196)",149
"(218, 118, 18)",150
"(241, 165, 90)",151
"(14, 213, 161)",152
"(37, 10, 233)",153
"(60, 58, 55)",154
"(84, 105, 127)",155
"(107, 153, 199)",156
"(130, 200, 20)",157
"(153, 248, 92)",158
"(176, 45, 164)",159
"(199, 92, 236)",160
"(222, 140, 58)",161
"(245, 187, 129)",162
"(19, 235, 201)",163
"(42, 32, 23)",164
"(65, 80, 95)",165
"(88, 127, 166)",166
"(111, 175, 238)",167
"(134, 222, 60)",168
"(157, 20, 132)",169
"(180, 67, 204)",170
"(204, 114, 25)",171
"(227, 162, 97)",172
"(0, 209, 169)",173
"(23, 7, 241)",174
"(46, 54, 63)",175
"(69, 102, 134)",176
"(92, 149, 206)",177
"(115, 197, 28)",178
"(139, 244, 100)",179
"(162, 42, 172)",180
"(185, 89, 243)",181
"(208, 136, 65)",182
"(231, 184, 137)",183
"(4, 231, 209)",184
"(27, 29, 30)",185
"(50, 76, 102)",186
"(74, 124, 174)",187
"(97, 171, 246)",188
"(120, 219, 68)",189
"(143, 16, 139)",190
"(166, 64, 211)",191
"(189, 111, 33)",192
"(212, 159, 105)",193
"(235, 206, 177)",194
"(8, 3, 248)",195
"(32, 51, 70)",196
"(55, 98, 142)",197
"(78, 146, 214)",198
"(101, 193, 36)",199
"(124, 241, 107)",200
"(147, 38, 179)",201
"(170, 86, 1)",202
"(193, 133, 73)",203
"(217, 181, 144)",204
"(240, 228, 216)",205
"(13, 25, 38)",206
"(36, 73, 110)",207
"(59, 120, 182)",208
"(82, 168, 3)",209
"(105, 215, 75)",210
"(128, 13, 147)",211
"(152, 60, 219)",212
"(175, 108, 41)",213
"(198, 155, 112)",214
"(221, 203, 184)",215
"(244, 0, 6)",216
"(17, 47, 78)",217
"(40, 95, 150)",218
"(63, 142, 221)",219
"(87, 190, 43)",220
"(110, 237, 115)",221
"(133, 35, 187)",222
"(156, 82, 8)",223
"(179, 130, 80)",224
"(202, 177, 152)",225
"(225, 225, 224)",226
"(248, 22, 46)",227
"(22, 69, 117)",228
"(45, 117, 189)",229
"(68, 164, 11)",230
"(91, 212, 83)",231
"(114, 9, 155)",232
"(137, 57, 226)",233
"(160, 104, 48)",234
"(183, 152, 120)",235
"(207, 199, 192)",236
"(230, 247, 13)",237
"(3, 44, 85)",238
"(26, 91, 157)",239
"(49, 139, 229)",240
"(72, 186, 51)",241
"(95, 234, 122)",242
"(118, 31, 194)",243
"(142, 79, 16)",244
"(165, 126, 88)",245
"(188, 174, 160)",246
"(211, 221, 231)",247
"(234, 19, 53)",248
"(7, 66, 125)",249
"(30, 114, 197)",250
"(53, 161, 19)",251
"(76, 208, 90)",252
"(100, 6, 162)",253
"(123, 53, 234)",254
"(146, 101, 56)",255
"(169, 148, 127)",256
"(192, 196, 199)",257
"(215, 243, 21)",258
"(238, 41, 93)",259
"(11, 88, 165)",260
"(35, 136, 236)",261
"(58, 183, 58)",262
"(81, 230, 130)",263
"(104, 28, 202)",264
"(127, 75, 24)",265
"(150, 123, 95)",266
"(173, 170, 167)",267
"(196, 218, 239)",268
"(220, 15, 61)",269
"(243, 63, 133)",270
"(16, 110, 204)",271
"(39, 158, 26)",272
"(62, 205, 98)",273
"(85, 2, 170)",274
"(108, 50, 241)",275
"(131, 97, 63)",276
"(155, 145, 135)",277
"(178, 192, 207)",278
"(201, 240, 29)",279
"(224, 37, 100)",280
"(247, 85, 172)",281
"(20, 132, 244)",282
"(43, 180, 66)",283
"(66, 227, 138)",284
"(90, 24, 209)",285
"(113, 72, 31)",286
"(136, 119, 103)",287
"(159, 167, 175)",288
"(182, 214, 247)",289
"(205, 12, 68)",290
"(228, 59, 140)",291
"(1, 107, 212)",292
"(25, 154, 34)",293
"(48, 202, 105)",294
"(71, 249, 177)",295
"(94, 46, 249)",296
"(117, 94, 71)",297
"(140, 141, 143)",298
"(163, 189, 214)",299
"(186, 236, 36)",300
"(210, 34, 108)",301
"(233, 81, 180)",302
"(6, 129, 2)",303
"(29, 176, 73)",304
"(52, 224, 145)",305
"(75, 21, 217)",306
"(98, 68, 39)",307
"(121, 116, 111)",308
"(145, 163, 182)",309
"(168, 211, 4)",310
"(191, 8, 76)",311
"(214, 56, 148)",312
"(237, 103, 219)",313
"(10, 151, 41)",314
"(33, 198, 113)",315
"(56, 246, 185)",316
"(79, 43, 7)",317
"(103, 91, 78)",318
"(126, 138, 150)",319
"(149, 185, 222)",320
"(172, 233, 44)",321
"(195, 30, 116)",322
"(218, 78, 187)",323
"(241, 125, 9)",324
"(14, 173, 81)",325
"(38, 220, 153)",326
"(61, 18, 225)",327
"(84, 65, 46)",328
"(107, 113, 118)",329
"(130, 160, 190)",330
"(153, 207, 12)",331
"(176, 5, 83)",332
"(199, 52, 155)",333
"(223, 100, 227)",334
"(246, 147, 49)",335
"(19, 195, 121)",336
"(42, 242, 192)",337
"(65, 40, 14)",338
"(88, 87, 86)",339
"(111, 135, 158)",340
"(134, 182, 230)",341
"(158, 229, 51)",342
"(181, 27, 123)",343
"(204, 74, 195)",344
"(227, 122, 17)",345
"(0, 169, 88)",346
"(23, 217, 160)",347
"(46, 14, 232)",348
"(69, 62, 54)",349
"(93, 109, 126)",350
"(116, 157, 197)",351
"(139, 204, 19)",352
"(162, 1, 91)",353
"(185, 49, 163)",354
"(208, 96, 235)",355
"(231, 144, 56)",356
"(4, 191, 128)",357
"(28, 239, 200)",358
"(51, 36, 22)",359
"(74, 84, 94)",360
"(97, 131, 165)",361
"(120, 179, 237)",362
"(143, 226, 59)",363
"(166, 23, 131)",364
"(189, 71, 202)",365
"(213, 118, 24)",366
"(236, 166, 96)",367
"(9, 213, 168)",368
"(32, 11, 240)",369
"(55, 58, 61)",370
"(78, 106, 133)",371
"(101, 153, 205)",372
"(124, 201, 27)",373
"(148, 248, 99)",374
"(171, 46, 170)",375
"(194, 93, 242)",376
"(217, 140, 64)",377
"(240, 188, 136)",378
"(13, 235, 208)",379
"(36, 33, 29)",380
"(59, 80, 101)",381
"(82, 128, 173)",382
"(106, 175, 245)",383
"(129, 223, 66)",384
"(152, 20, 138)",385
"(175, 68, 210)",386
"(198, 115, 32)",387
"(221, 162, 104)",388
"(244, 210, 175)",389
"(17, 7, 247)",390
"(41, 55, 69)",391
"(64, 102, 141)",392
"(87, 150, 213)",393
"(110, 197, 34)",394
"(133, 245, 106)",395
"(156, 42, 178)",396
"(179, 90, 0)",397
"(202, 137, 72)",398
"(226, 184, 143)",399
"(249, 232, 215)",400
"(22, 29, 37)",401
"(45, 77, 109)",402
"(68, 124, 180)",403
"(91, 172, 2)",404
"(114, 219, 74)",405
"(137, 17, 146)",406
"(161, 64, 218)",407
"(184, 112, 39)",408
"(207, 159, 111)",409
"(230, 206, 183)",410
"(3, 4, 5)",411
"(26, 51, 77)",412
"(49, 99, 148)",413
"(72, 146, 220)",414
"(96, 194, 42)",415
"(119, 241, 114)",416
"(142, 39, 186)",417
"(165, 86, 7)",418
"(188, 134, 79)",419
"(211, 181, 151)",420
"(234, 228, 223)",421
"(7, 26, 44)",422
"(31, 73, 116)",423
"(54, 121, 188)",424
"(77, 168, 10)",425
"(100, 216, 82)",426
"(123, 13, 153)",427
"(146, 61, 225)",428
"(169, 108, 47)",429
"(192, 156, 119)",430
"(216, 203, 191)",431
"(239, 0, 12)",432
"(12, 48, 84)",433
"(35, 95, 156)",434
"(58, 143, 228)",435
"(81, 190, 50)",436
"(104, 238, 121)",437
"(127, 35, 193)",438
"(150, 83, 15)",439
"(174, 130, 87)",440
"(197, 178, 158)",441
"(220, 225, 230)",442
"(243, 23, 52)",443
"(16, 70, 124)",444
"(39, 117, 196)",445
"(62, 165, 17)",446
"(85, 212, 89)",447
"(109, 10, 161)",448
"(132, 57, 233)",449
"(155, 105, 55)",450
"(178, 152, 126)",451
"(201, 200, 198)",452
"(224, 247, 20)",453
"(247, 45, 92)",454
"(20, 92, 163)",455
"(44, 139, 235)",456
"(67, 187, 57)",457
"(90, 234, 129)",458
"(113, 32, 201)",459
"(136, 79, 22)",460
"(159, 127, 94)",461
"(182, 174, 166)",462
"(205, 222, 238)",463
"(229, 19, 60)",464
"(2, 67, 131)",465
"(25, 114, 203)",466
"(48, 161, 25)",467
"(71, 209, 97)",468
"(94, 6, 169)",469
"(117, 54, 240)",470
"(140, 101, 62)",471
"(164, 149, 134)",472
"(187, 196, 206)",473
"(210, 244, 27)",474
"(233, 41, 99)",475
"(6, 89, 171)",476
"(29, 136, 243)",477
"(52, 183, 65)",478
"(75, 231, 136)",479
"(99, 28, 208)",480
"(122, 76, 30)",481
"(145, 123, 102)",482
"(168, 171, 174)",483
"(191, 218, 245)",484
"(214, 16, 67)",485
"(237, 63, 139)",486
"(10, 111, 211)",487
"(34, 158, 33)",488
"(57, 205, 104)",489
"(80, 3, 176)",490
"(103, 50, 248)",491
"(126, 98, 70)",492
"(149, 145, 141)",493
"(172, 193, 213)",494
"(195, 240, 35)",495
"(219, 38, 107)",496
"(242, 85, 179)",497
"(15, 133, 0)",498
"(38, 180, 72)",499
"(61, 228, 144)",500
"(84, 25, 216)",501
"(107, 72, 38)",502
"(130, 120, 109)",503
"(153, 167, 181)",504
"(177, 215, 3)",505
"(200, 12, 75)",506
"(223, 60, 147)",507
"(246, 107, 218)",508
"(19, 155, 40)",509
"(42, 202, 112)",510
"(65, 0, 184)",511
"(88, 47, 5)",512
"(112, 94, 77)",513
"(135, 142, 149)",514
"(158, 189, 221)",515
"(181, 237, 43)",516
"(204, 34, 114)",517
"(227, 82, 186)",518
"(0, 129, 8)",519
"(23, 177, 80)",520
"(47, 224, 152)",521
"(70, 22, 223)",522
"(93, 69, 45)",523
"(116, 116, 117)",524
"(139, 164, 189)",525
"(162, 211, 11)",526
"(185, 9, 82)",527
"(208, 56, 154)",528
"(232, 104, 226)",529
"(5, 151, 48)",530
"(28, 199, 119)",531
"(51, 246, 191)",532
"(74, 44, 13)",533
"(97, 91, 85)",534
"(120, 138, 157)",535
"(143, 186, 228)",536
"(167, 233, 50)",537
"(190, 31, 122)",538
"(213, 78, 194)",539
"(236, 126, 16)",540
"(9, 173, 87)",541
"(32, 221, 159)",542
"(55, 18, 231)",543
"(78, 66, 53)",544
"(102, 113, 125)",545
"(125, 160, 196)",546
"(148, 208, 18)",547
"(171, 5, 90)",548
"(194, 53, 162)",549
"(217, 100, 233)",550
"(240, 148, 55)",551
"(13, 195, 127)",552
"(37, 243, 199)",553
"(60, 40, 21)",554
"(83, 88, 92)",555
"(106, 135, 164)",556
"(129, 182, 236)",557
"(152, 230, 58)",558
"(175, 27, 130)",559
"(198, 75, 201)",560
"(222, 122, 23)",561
"(245, 170, 95)",562
"(18, 217, 167)",563
"(41, 15, 238)",564
"(64, 62, 60)",565
"(87, 110, 132)",566
"(110, 157, 204)",567
"(133, 205, 26)",568
"(156, 2, 97)",569
"(180, 49, 169)",570
"(203, 97, 241)",571
"(226, 144, 63)",572
"(249, 192, 135)",573
"(22, 239, 206)",574
"(45, 37, 28)",575
"(68, 84, 100)",576
"(91, 132, 172)",577
"(115, 179, 244)",578
"(138, 227, 65)",579
"(161, 24, 137)",580
"(184, 71, 209)",581
"(207, 119, 31)",582
"(230, 166, 102)",583
"(3, 214, 174)",584
"(26, 11, 246)",585
"(50, 59, 68)",586
"(73, 106, 140)",587
"(96, 154, 211)",588
"(119, 201, 33)",589
"(142, 249, 105)",590
"(165, 46, 177)",591
"(188, 93, 249)",592
"(211, 141, 70)",593
"(235, 188, 142)",594
"(8, 236, 214)",595
"(31, 33, 36)",596
"(54, 81, 108)",597
"(77, 128, 179)",598
"(100, 176, 1)",599
"(123, 223, 73)",600
"(146, 21, 145)",601
"(170, 68, 216)",602
"(193, 115, 38)",603
"(216, 163, 110)",604
"(239, 210, 182)",605
"(12, 8, 4)",606
"(35, 55, 75)",607
"(58, 103, 147)",608
"(81, 150, 219)",609
"(105, 198, 41)",610
"(128, 245, 113)",611
"(151, 43, 184)",612
"(174, 90, 6)",613
"(197, 137, 78)",614
"(220, 185, 150)",615
"(243, 232, 222)",616
"(16, 30, 43)",617
"(40, 77, 115)",618
"(63, 125, 187)",619
"(86, 172, 9)",620
"(109, 220, 80)",621
"(132, 17, 152)",622
"(155, 65, 224)",623
"(178, 112, 46)",624
"(201, 160, 118)",625
"(224, 207, 189)",626
"(248, 4, 11)",627
"(21, 52, 83)",628
"(44, 99, 155)",629
"(67, 147, 227)",630
"(90, 194, 48)",631
"(113, 242, 120)",632
"(136, 39, 192)",633
"(159, 87, 14)",634
"(183, 134, 86)",635
"(206, 182, 157)",636
"(229, 229, 229)",637
"(2, 26, 51)",638
"(25, 74, 123)",639
"(48, 121, 194)",640
"(71, 169, 16)",641
"(94, 216, 88)",642
"(118, 14, 160)",643
"(141, 61, 232)",644
"(164, 109, 53)",645
"(187, 156, 125)",646
"(210, 204, 197)",647
"(233, 1, 19)",648
"(6, 48, 91)",649
"(29, 96, 162)",650
"(53, 143, 234)",651
"(76, 191, 56)",652
"(99, 238, 128)",653
"(122, 36, 200)",654
"(145, 83, 21)",655
"(168, 131, 93)",656
"(191, 178, 165)",657
"(214, 226, 237)",658
"(238, 23, 58)",659
"(11, 70, 130)",660
"(34, 118, 202)",661
"(57, 165, 24)",662
"(80, 213, 96)",663
"(103, 10, 167)",664
"(126, 58, 239)",665
"(149, 105, 61)",666
"(173, 153, 133)",667
"(196, 200, 205)",668
"(219, 248, 26)",669
"(242, 45, 98)",670
"(15, 92, 170)",671
"(38, 140, 242)",672
"(61, 187, 63)",673
"(84, 235, 135)",674
"(108, 32, 207)",675
"(131, 80, 29)",676
"(154, 127, 101)",677
"(177, 175, 172)",678
"(200, 222, 244)",679
"(223, 20, 66)",680
"(246, 67, 138)",681
"(19, 114, 210)",682
"(43, 162, 31)",683
"(66, 209, 103)",684
"(89, 7, 175)",685
"(112, 54, 247)",686
"(135, 102, 69)",687
"(158, 149, 140)",688
"(181, 197, 212)",689
"(204, 244, 34)",690
"(227, 42, 106)",691
"(1, 89, 177)",692
"(24, 137, 249)",693
"(47, 184, 71)",694
"(70, 231, 143)",695
"(93, 29, 215)",696
"(116, 76, 36)",697
"(139, 124, 108)",698
"(162, 171, 180)",699
"(186, 219, 2)",700
"(209, 16, 74)",701
"(232, 64, 145)",702
"(5, 111, 217)",703
"(28, 159, 39)",704
"(51, 206, 111)",705
"(74, 3, 183)",706
"(97, 51, 4)",707
"(121, 98, 76)",708
"(144, 146, 148)",709
"(167, 193, 220)",710
"(190, 241, 41)",711
"(213, 38, 113)",712
"(236, 86, 185)",713
"(9, 133, 7)",714
"(32, 181, 79)",715
"(56, 228, 150)",716
"(79, 25, 222)",717
"(102, 73, 44)",718
"(125, 120, 116)",719
"(148, 168, 188)",720
"(171, 215, 9)",721
"(194, 13, 81)",722
"(217, 60, 153)",723
"(241, 108, 225)",724
"(14, 155, 47)",725
"(37, 203, 118)",726
"(60, 0, 190)",727
"(83, 47, 12)",728
"(106, 95, 84)",729
"(129, 142, 155)",730
"(152, 190, 227)",731
"(176, 237, 49)",732
"(199, 35, 121)",733
"(222, 82, 193)",734
"(245, 130, 14)",735
"(18, 177, 86)",736
"(41, 225, 158)",737
"(64, 22, 230)",738
"(87, 69, 52)",739
"(111, 117, 123)",740
"(134, 164, 195)",741
"(157, 212, 17)",742
"(180, 9, 89)",743
"(203, 57, 161)",744
"(226, 104, 232)",745
"(249, 152, 54)",746
"(22, 199, 126)",747
"(46, 247, 198)",748
"(69, 44, 19)",749
"(92, 92, 91)",750
"(115, 139, 163)",751
"(138, 186, 235)",752
"(161, 234, 57)",753
"(184, 31, 128)",754
"(207, 79, 200)",755
"(230, 126, 22)",756
"(4, 174, 94)",757
"(27, 221, 166)",758
"(50, 19, 237)",759
"(73, 66, 59)",760
"(96, 114, 131)",761
"(119, 161, 203)",762
"(142, 208, 25)",763
"(165, 6, 96)",764
"(189, 53, 168)",765
"(212, 101, 240)",766
"(235, 148, 62)",767
"(8, 196, 133)",768
"(31, 243, 205)",769
"(54, 41, 27)",770
"(77, 88, 99)",771
"(100, 136, 171)",772
"(124, 183, 242)",773
"(147, 230, 64)",774
"(170, 28, 136)",775
"(193, 75, 208)",776
"(216, 123, 30)",777
"(239, 170, 101)",778
"(12, 218, 173)",779
"(35, 15, 245)",780
"(59, 63, 67)",781
"(82, 110, 138)",782
"(105, 158, 210)",783
"(128, 205, 32)",784
"(151, 2, 104)",785
"(174, 50, 176)",786
"(197, 97, 247)",787
"(220, 145, 69)",788
"(244, 192, 141)",789
"(17, 240, 213)",790
"(40, 37, 35)",791
"(63, 85, 106)",792
"(86, 132, 178)",793
"(109, 180, 0)",794
"(132, 227, 72)",795
"(155, 24, 144)",796
"(179, 72, 215)",797
"(202, 119, 37)",798
"(225, 167, 109)",799
"(248, 214, 181)",800
"(21, 12, 2)",801
"(44, 59, 74)",802
"(67, 107, 146)",803
"(90, 154, 218)",804
"(114, 202, 40)",805
"(137, 249, 111)",806
"(160, 46, 183)",807
"(183, 94, 5)",808
"(206, 141, 77)",809
"(229, 189, 149)",810
"(2, 236, 220)",811
"(25, 34, 42)",812
"(48, 81, 114)",813
"(72, 129, 186)",814
"(95, 176, 8)",815
"(118, 224, 79)",816
"(141, 21, 151)",817
"(164, 69, 223)",818
"(187, 116, 45)",819
"(210, 163, 116)",820
"(233, 211, 188)",821
"(7, 8, 10)",822
"(30, 56, 82)",823
"(53, 103, 154)",824
"(76, 151, 225)",825
"(99, 198, 47)",826
"(122, 246, 119)",827
"(145, 43, 191)",828
"(168, 91, 13)",829
"(192, 138, 84)",830
"(215, 185, 156)",831
"(238, 233, 228)",832
"(11, 30, 50)",833
"(34, 78, 122)",834
"(57, 125, 193)",835
"(80, 173, 15)",836
"(103, 220, 87)",837
"(127, 18, 159)",838
"(150, 65, 230)",839
"(173, 113, 52)",840
"(196, 160, 124)",841
"(219, 207, 196)",842
"(242, 5, 18)",843
"(15, 52, 89)",844
"(38, 100, 161)",845
"(62, 147, 233)",846
"(85, 195, 55)",847
"(108, 242, 127)",848
"(131, 40, 198)",849
"(154, 87, 20)",850
"(177, 135, 92)",851
"(200, 182, 164)",852
"(223, 229, 236)",853
"(247, 27, 57)",854
"(20, 74, 129)",855
"(43, 122, 201)",856
"(66, 169, 23)",857
"(89, 217, 94)",858
"(112, 14, 166)",859
"(135, 62, 238)",860
"(158, 109, 60)",861
"(182, 157, 132)",862
"(205, 204, 203)",863
"(228, 1, 25)",864
"(1, 49, 97)",865
"(24, 96, 169)",866
"(47, 144, 241)",867
"(70, 191, 62)",868
"(93, 239, 134)",869
"(117, 36, 206)",870
"(140, 84, 28)",871
"(163, 131, 100)",872
"(186, 179, 171)",873
"(209, 226, 243)",874
"(232, 24, 65)",875
"(5, 71, 137)",876
"(28, 118, 208)",877
"(51, 166, 30)",878
"(75, 213, 102)",879
"(98, 11, 174)",880
"(121, 58, 246)",881
"(144, 106, 67)",882
"(167, 153, 139)",883
"(190, 201, 211)",884
"(213, 248, 33)",885
"(236, 46, 105)",886
"(10, 93, 176)",887
"(33, 140, 248)",888
"(56, 188, 70)",889
"(79, 235, 142)",890
"(102, 33, 213)",891
"(125, 80, 35)",892
"(148, 128, 107)",893
"(171, 175, 179)",894
"(195, 223, 1)",895
"(218, 20, 72)",896
"(241, 68, 144)",897
"(14, 115, 216)",898
"(37, 162, 38)",899
"(60, 210, 110)",900
"(83, 7, 181)",901
"(106, 55, 3)",902
"(130, 102, 75)",903
"(153, 150, 147)",904
"(176, 197, 219)",905
"(199, 245, 40)",906
"(222, 42, 112)",907
"(245, 90, 184)",908
"(18, 137, 6)",909
"(41, 184, 77)",910
"(65, 232, 149)",911
"(88, 29, 221)",912
"(111, 77, 43)",913
"(134, 124, 115)",914
"(157, 172, 186)",915
"(180, 219, 8)",916
"(203, 17, 80)",917
"(226, 64, 152)",918
"(0, 112, 224)",919
"(23, 159, 45)",920
"(46, 206, 117)",921
"(69, 4, 189)",922
"(92, 51, 11)",923
"(115, 99, 83)",924
"(138, 146, 154)",925
"(161, 194, 226)",926
"(185, 241, 48)",927
"(208, 39, 120)",928
"(231, 86, 191)",929
"(4, 134, 13)",930
"(27, 181, 85)",931
"(50, 228, 157)",932
"(73, 26, 229)",933
"(96, 73, 50)",934
"(120, 121, 122)",935
"(143, 168, 194)",936
"(166, 216, 16)",937
"(189, 13, 88)",938
"(212, 61, 159)",939
"(235, 108, 231)",940
"(8, 156, 53)",941
"(31, 203, 125)",942
"(54, 1, 197)",943
"(78, 48, 18)",944
"(101, 95, 90)",945
"(124, 143, 162)",946
"(147, 190, 234)",947
"(170, 238, 55)",948
"(193, 35, 127)",949
"(216, 83, 199)",950
"(239, 130, 21)",951
"(13, 178, 93)",952
"(36, 225, 164)",953
"(59, 23, 236)",954
"(82, 70, 58)",955
"(105, 117, 130)",956
"(128, 165, 202)",957
"(151, 212, 23)",958
"(174, 10, 95)",959
"(198, 57, 167)",960
"(221, 105, 239)",961
"(244, 152, 61)",962
"(17, 200, 132)",963
"(40, 247, 204)",964
"(63, 45, 26)",965
"(86, 92, 98)",966
"(109, 139, 169)",967
"(133, 187, 241)",968
"(156, 234, 63)",969
"(179, 32, 135)",970
"(202, 79, 207)",971
"(225, 127, 28)",972
"(248, 174, 100)",973
"(21, 222, 172)",974
"(44, 19, 244)",975
"(68, 67, 66)",976
"(91, 114, 137)",977
"(114, 161, 209)",978
"(137, 209, 31)",979
"(160, 6, 103)",980
"(183, 54, 175)",981
"(206, 101, 246)",982
"(229, 149, 68)",983
"(3, 196, 140)",984
"(26, 244, 212)",985
"(49, 41, 33)",986
"(72, 89, 105)",987
"(95, 136, 177)",988
"(118, 183, 249)",989
"(141, 231, 71)",990
"(164, 28, 142)",991
"(188, 76, 214)",992
"(211, 123, 36)",993
"(234, 171, 108)",994
"(7, 218, 180)",995
"(30, 16, 1)",996
"(53, 63, 73)",997
"(76, 111, 145)",998
"(99, 158, 217)",999
"(123, 206, 39)",1000
"(146, 3, 110)",1001
"(169, 50, 182)",1002
"(192, 98, 4)",1003
"(215, 145, 76)",1004
"(238, 193, 147)",1005
"(11, 240, 219)",1006
"(34, 38, 41)",1007
"(57, 85, 113)",1008
"(81, 133, 185)",1009
"(104, 180, 6)",1010
"(127, 228, 78)",1011
"(150, 25, 150)",1012
"(173, 72, 222)",1013
"(196, 120, 44)",1014
"(219, 167, 115)",1015
"(242, 215, 187)",1016
"(16, 12, 9)",1017
"(39, 60, 81)",1018
"(62, 107, 152)",1019
"(85, 155, 224)",1020
"(108, 202, 46)",1021
"(131, 0, 118)",1022
"(154, 47, 190)",1023
"(177, 94, 11)",1024
"(201, 142, 83)",1025
"(224, 189, 155)",1026
"(247, 237, 227)",1027
"(20, 34, 49)",1028
"(43, 82, 120)",1029
"(66, 129, 192)",1030
"(89, 177, 14)",1031
"(112, 224, 86)",1032
"(136, 22, 158)",1033
"(159, 69, 229)",1034
"(182, 116, 51)",1035
"(205, 164, 123)",1036
"(228, 211, 195)",1037
"(1, 9, 16)",1038
"(24, 56, 88)",1039
"(47, 104, 160)",1040
"(71, 151, 232)",1041
"(94, 199, 54)",1042
"(117, 246, 125)",1043
"(140, 44, 197)",1044
"(163, 91, 19)",1045
"(186, 138, 91)",1046
"(209, 186, 163)",1047
"(232, 233, 234)",1048
"(6, 31, 56)",1049
"(29, 78, 128)",1050
"(52, 126, 200)",1051
"(75, 173, 22)",1052
"(98, 221, 93)",1053
"(121, 18, 165)",1054
"(144, 66, 237)",1055
"(167, 113, 59)",1056
"(191, 160, 130)",1057
"(214, 208, 202)",1058
"(237, 5, 24)",1059
"(10, 53, 96)",1060
"(33, 100, 168)",1061
"(56, 148, 239)",1062
"(79, 195, 61)",1063
"(102, 243, 133)",1064
"(125, 40, 205)",1065
"(149, 88, 27)",1066
"(172, 135, 98)",1067
"(195, 183, 170)",1068
"(218, 230, 242)",1069
"(241, 27, 64)",1070
"(14, 75, 136)",1071
"(37, 122, 207)",1072
"(60, 170, 29)",1073
"(84, 217, 101)",1074
"(107, 15, 173)",1075
"(130, 62, 244)",1076
"(153, 110, 66)",1077
"(176, 157, 138)",1078
"(199, 205, 210)",1079
"(222, 2, 32)",1080
"(245, 49, 103)",1081
"(19, 97, 175)",1082
"(42, 144, 247)",1083
"(65, 192, 69)",1084
"(88, 239, 141)",1085
"(111, 37, 212)",1086
"(134, 84, 34)",1087
"(157, 132, 106)",1088
"(180, 179, 178)",1089
"(204, 227, 0)",1090
"(227, 24, 71)",1091
"(0, 71, 143)",1092
"(23, 119, 215)",1093
"(46, 166, 37)",1094
"(69, 214, 108)",1095
"(92, 11, 180)",1096
"(115, 59, 2)",1097
"(139, 106, 74)",1098
"(162, 154, 146)",1099
"(185, 201, 217)",1100
"(208, 249, 39)",1101
"(231, 46, 111)",1102
"(4, 93, 183)",1103
"(27, 141, 5)",1104
"(50, 188, 76)",1105
"(74, 236, 148)",1106
"(97, 33, 220)",1107
"(120, 81, 42)",1108
"(143, 128, 114)",1109
"(166, 176, 185)",1110
"(189, 223, 7)",1111
"(212, 21, 79)",1112
"(235, 68, 151)",1113
"(9, 115, 222)",1114
"(32, 163, 44)",1115
"(55, 210, 116)",1116
"(78, 8, 188)",1117
"(101, 55, 10)",1118
"(124, 103, 81)",1119
"(147, 150, 153)",1120
"(170, 198, 225)",1121
"(194, 245, 47)",1122
"(217, 43, 119)",1123
"(240, 90, 190)",1124
"(13, 138, 12)",1125
"(36, 185, 84)",1126
"(59, 232, 156)",1127
"(82, 30, 227)",1128
"(105, 77, 49)",1129
"(128, 125, 121)",1130
"(152, 172, 193)",1131
"(175, 220, 15)",1132
"(198, 17, 86)",1133
"(221, 65, 158)",1134
"(244, 112, 230)",1135
"(17, 160, 52)",1136
"(40, 207, 124)",1137
"(63, 4, 195)",1138
"(87, 52, 17)",1139
"(110, 99, 89)",1140
"(133, 147, 161)",1141
"(156, 194, 233)",1142
"(179, 242, 54)",1143
"(202, 39, 126)",1144
"(225, 87, 198)",1145
"(248, 134, 20)",1146
"(22, 182, 91)",1147
"(45, 229, 163)",1148
"(68, 26, 235)",1149
"(91, 74, 57)",1150
"(114, 121, 129)",1151
"(137, 169, 200)",1152
"(160, 216, 22)",1153
"(183, 14, 94)",1154
"(207, 61, 166)",1155
"(230, 109, 238)",1156
"(3, 156, 59)",1157
"(26, 204, 131)",1158
"(49, 1, 203)",1159
"(72, 48, 25)",1160
"(95, 96, 97)",1161
"(118, 143, 168)",1162
"(142, 191, 240)",1163
"(165, 238, 62)",1164
"(188, 36, 134)",1165
"(211, 83, 205)",1166
"(234, 131, 27)",1167
"(7, 178, 99)",1168
"(30, 226, 171)",1169
"(53, 23, 243)",1170
"(77, 70, 64)",1171
"(100, 118, 136)",1172
"(123, 165, 208)",1173
"(146, 213, 30)",1174
"(169, 10, 102)",1175
"(192, 58, 173)",1176
"(215, 105, 245)",1177
"(238, 153, 67)",1178
"(12, 200, 139)",1179
"(35, 248, 211)",1180
"(58, 45, 32)",1181
"(81, 92, 104)",1182
"(104, 140, 176)",1183
"(127, 187, 248)",1184
"(150, 235, 69)",1185
"(173, 32, 141)",1186
"(197, 80, 213)",1187
"(220, 127, 35)",1188
"(243, 175, 107)",1189
"(16, 222, 178)",1190
"(39, 20, 0)",1191
"(62, 67, 72)",1192
"(85, 115, 144)",1193
"(108, 162, 216)",1194
"(131, 209, 37)",1195
"(155, 7, 109)",1196
"(178, 54, 181)",1197
"(201, 102, 3)",1198
"(224, 149, 75)",1199
"(247, 197, 146)",1200
"(20, 244, 218)",1201
"(43, 42, 40)",1202
"(66, 89, 112)",1203
"(90, 137, 183)",1204
"(113, 184, 5)",1205
"(136, 231, 77)",1206
"(159, 29, 149)",1207
"(182, 76, 221)",1208
"(205, 124, 42)",1209
"(228, 171, 114)",1210
"(1, 219, 186)",1211
"(25, 16, 8)",1212
"(48, 64, 80)",1213
"(71, 111, 151)",1214
"(94, 159, 223)",1215
"(117, 206, 45)",1216
"(140, 3, 117)",1217
"(163, 51, 189)",1218
"(186, 98, 10)",1219
"(210, 146, 82)",1220
"(233, 193, 154)",1221
"(6, 241, 226)",1222
"(29, 38, 47)",1223
"(52, 86, 119)",1224
"(75, 133, 191)",1225
"(98, 181, 13)",1226
"(121, 228, 85)",1227
"(145, 25, 156)",1228
"(168, 73, 228)",1229
"(191, 120, 50)",1230
"(214, 168, 122)",1231
"(237, 215, 194)",1232
"(10, 13, 15)",1233
"(33, 60, 87)",1234
"(56, 108, 159)",1235
"(80, 155, 231)",1236
"(103, 203, 52)",1237
"(126, 0, 124)",1238
"(149, 47, 196)",1239
"(172, 95, 18)",1240
"(195, 142, 90)",1241
"(218, 190, 161)",1242
"(241, 237, 233)",1243
"(15, 35, 55)",1244
"(38, 82, 127)",1245
"(61, 130, 199)",1246
"(84, 177, 20)",1247
"(107, 225, 92)",1248
"(130, 22, 164)",1249
"(153, 70, 236)",1250
"(176, 117, 58)",1251
"(199, 164, 129)",1252
"(223, 212, 201)",1253
"(246, 9, 23)",1254
"(19, 57, 95)",1255
"(42, 104, 166)",1256
"(65, 152, 238)",1257
"(88, 199, 60)",1258
"(111, 247, 132)",1259
"(134, 44, 204)",1260
"(158, 92, 25)",1261
"(181, 139, 97)",1262
"(204, 186, 169)",1263
"(227, 234, 241)",1264
"(0, 31, 63)",1265
"(23, 79, 134)",1266
"(46, 126, 206)",1267
"(69, 174, 28)",1268
"(93, 221, 100)",1269
"(116, 19, 172)",1270
"(139, 66, 243)",1271
"(162, 114, 65)",1272
"(185, 161, 137)",1273
"(208, 208, 209)",1274
"(231, 6, 30)",1275
"(4, 53, 102)",1276
"(28, 101, 174)",1277
"(51, 148, 246)",1278
"(74, 196, 68)",1279
"(97, 243, 139)",1280
"(120, 41, 211)",1281
"(143, 88, 33)",1282
"(166, 136, 105)",1283
"(189, 183, 177)",1284
"(213, 230, 248)",1285
"(236, 28, 70)",1286
"(9, 75, 142)",1287
"(32, 123, 214)",1288
"(55, 170, 36)",1289
"(78, 218, 107)",1290
"(101, 15, 179)",1291
"(124, 63, 1)",1292
"(148, 110, 73)",1293
"(171, 158, 144)",1294
"(194, 205, 216)",1295
"(217, 2, 38)",1296
"(240, 50, 110)",1297
"(13, 97, 182)",1298
"(36, 145, 3)",1299
"(59, 192, 75)",1300
"(83, 240, 147)",1301
"(106, 37, 219)",1302
"(129, 85, 41)",1303
"(152, 132, 112)",1304
"(175, 180, 184)",1305
"(198, 227, 6)",1306
"(221, 24, 78)",1307
"(244, 72, 150)",1308
"(18, 119, 221)",1309
"(41, 167, 43)",1310
"(64, 214, 115)",1311
"(87, 12, 187)",1312
"(110, 59, 8)",1313
"(133, 107, 80)",1314
"(156, 154, 152)",1315
"(179, 202, 224)",1316
"(202, 249, 46)",1317
"(226, 47, 117)",1318
"(249, 94, 189)",1319
"(22, 141, 11)",1320
"(45, 189, 83)",1321
"(68, 236, 155)",1322
"(91, 34, 226)",1323
"(114, 81, 48)",1324
"(137, 129, 120)",1325
"(161, 176, 192)",1326
"(184, 224, 14)",1327
"(207, 21, 85)",1328
"(230, 69, 157)",1329
"(3, 116, 229)",1330
"(26, 163, 51)",1331
"(49, 211, 122)",1332
"(72, 8, 194)",1333
"(96, 56, 16)",1334
"(119, 103, 88)",1335
"(142, 151, 160)",1336
"(165, 198, 231)",1337
"(188, 246, 53)",1338
"(211, 43, 125)",1339
"(234, 91, 197)",1340
"(7, 138, 19)",1341
"(31, 185, 90)",1342
"(54, 233, 162)",1343
"(77, 30, 234)",1344
"(100, 78, 56)",1345
"(123, 125, 127)",1346
"(146, 173, 199)",1347
"(169, 220, 21)",1348
"(192, 18, 93)",1349
"(216, 65, 165)",1350
"(239, 113, 236)",1351
"(12, 160, 58)",1352
"(35, 207, 130)",1353
"(58, 5, 202)",1354
"(81, 52, 24)",1355
"(104, 100, 95)",1356
"(127, 147, 167)",1357
"(151, 195, 239)",1358
"(174, 242, 61)",1359
"(197, 40, 133)",1360
"(220, 87, 204)",1361
"(243, 135, 26)",1362
"(16, 182, 98)",1363
"(39, 229, 170)",1364
"(62, 27, 241)",1365
"(86, 74, 63)",1366
"(109, 122, 135)",1367
"(132, 169, 207)",1368
"(155, 217, 29)",1369
"(178, 14, 100)",1370
"(201, 62, 172)",1371
"(224, 109, 244)",1372
"(247, 157, 66)",1373
"(21, 204, 138)",1374
"(44, 2, 209)",1375
"(67, 49, 31)",1376
"(90, 96, 103)",1377
"(113, 144, 175)",1378
"(136, 191, 247)",1379
"(159, 239, 68)",1380
"(182, 36, 140)",1381
"(205, 84, 212)",1382
"(229, 131, 34)",1383
"(2, 179, 105)",1384
"(25, 226, 177)",1385
"(48, 24, 249)",1386
"(71, 71, 71)",1387
"(94, 118, 143)",1388
"(117, 166, 214)",1389
"(140, 213, 36)",1390
"(164, 11, 108)",1391
"(187, 58, 180)",1392
"(210, 106, 2)",1393
"(233, 153, 73)",1394
"(6, 201, 145)",1395
"(29, 248, 217)",1396
"(52, 46, 39)",1397
"(75, 93, 111)",1398
"(99, 140, 182)",1399
"(122, 188, 4)",1400
"(145, 235, 76)",1401
"(168, 33, 148)",1402
"(191, 80, 219)",1403
"(214, 128, 41)",1404
"(237, 175, 113)",1405
"(10, 223, 185)",1406
"(34, 20, 7)",1407
"(57, 68, 78)",1408
"(80, 115, 150)",1409
"(103, 162, 222)",1410
"(126, 210, 44)",1411
"(149, 7, 116)",1412
"(172, 55, 187)",1413
"(195, 102, 9)",1414
"(219, 150, 81)",1415
"(242, 197, 153)",1416
"(15, 245, 225)",1417
"(38, 42, 46)",1418
"(61, 90, 118)",1419
"(84, 137, 190)",1420
"(107, 184, 12)",1421
"(130, 232, 83)",1422
"(154, 29, 155)",1423
"(177, 77, 227)",1424
"(200, 124, 49)",1425
"(223, 172, 121)",1426
"(246, 219, 192)",1427
"(19, 17, 14)",1428
"(42, 64, 86)",1429
"(65, 112, 158)",1430
"(89, 159, 230)",1431
"(112, 206, 51)",1432
"(135, 4, 123)",1433
"(158, 51, 195)",1434
"(181, 99, 17)",1435
"(204, 146, 89)",1436
"(227, 194, 160)",1437
"(0, 241, 232)",1438
"(23, 39, 54)",1439
"(47, 86, 126)",1440
"(70, 134, 197)",1441
"(93, 181, 19)",1442
"(116, 229, 91)",1443
"(139, 26, 163)",1444
"(162, 73, 235)",1445
"(185, 121, 56)",1446
"(208, 168, 128)",1447
"(232, 216, 200)",1448
"(5, 13, 22)",1449
"(28, 61, 94)",1450
"(51, 108, 165)",1451
"(74, 156, 237)",1452
"(97, 203, 59)",1453
"(120, 1, 131)",1454
"(143, 48, 202)",1455
"(167, 95, 24)",1456
"(190, 143, 96)",1457
"(213, 190, 168)",1458
"(236, 238, 240)",1459
"(9, 35, 61)",1460
"(32, 83, 133)",1461
"(55, 130, 205)",1462
"(78, 178, 27)",1463
"(102, 225, 99)",1464
"(125, 23, 170)",1465
"(148, 70, 242)",1466
"(171, 117, 64)",1467
"(194, 165, 136)",1468
"(217, 212, 208)",1469
"(240, 10, 29)",1470
"(13, 57, 101)",1471
"(37, 105, 173)",1472
"(60, 152, 245)",1473
"(83, 200, 66)",1474
"(106, 247, 138)",1475
"(129, 45, 210)",1476
"(152, 92, 32)",1477
"(175, 139, 104)",1478
"(198, 187, 175)",1479
"(222, 234, 247)",1480
"(245, 32, 69)",1481
"(18, 79, 141)",1482
"(41, 127, 213)",1483
"(64, 174, 34)",1484
"(87, 222, 106)",1485
"(110, 19, 178)",1486
"(133, 67, 0)",1487
"(157, 114, 72)",1488
"(180, 161, 143)",1489
"(203, 209, 215)",1490
"(226, 6, 37)",1491
"(249, 54, 109)",1492
"(22, 101, 180)",1493
"(45, 149, 2)",1494
"(68, 196, 74)",1495
"(92, 244, 146)",1496
"(115, 41, 218)",1497
"(138, 89, 39)",1498
"(161, 136, 111)",1499
"(184, 184, 183)",1500
"(207, 231, 5)",1501
"(230, 28, 77)",1502
"(3, 76, 148)",1503
"(26, 123, 220)",1504
"(50, 171, 42)",1505
"(73, 218, 114)",1506
"(96, 16, 186)",1507
"(119, 63, 7)",1508
"(142, 111, 79)",1509
"(165, 158, 151)",1510
"(188, 206, 223)",1511
"(211, 3, 44)",1512
"(235, 50, 116)",1513
"(8, 98, 188)",1514
"(31, 145, 10)",1515
"(54, 193, 82)",1516
"(77, 240, 153)",1517
"(100, 38, 225)",1518
"(123, 85, 47)",1519
"(146, 133, 119)",1520
"(170, 180, 191)",1521
"(193, 228, 12)",1522
"(216, 25, 84)",1523
"(239, 72, 156)",1524
"(12, 120, 228)",1525
"(35, 167, 50)",1526
"(58, 215, 121)",1527
"(81, 12, 193)",1528
"(105, 60, 15)",1529
"(128, 107, 87)",1530
"(151, 155, 158)",1531
"(174, 202, 230)",1532
"(197, 0, 52)",1533
"(220, 47, 124)",1534
"(243, 94, 196)",1535
"(16, 142, 17)",1536
"(40, 189, 89)",1537
"(63, 237, 161)",1538
"(86, 34, 233)",1539
"(109, 82, 55)",1540
"(132, 129, 126)",1541
"(155, 177, 198)",1542
"(178, 224, 20)",1543
"(201, 22, 92)",1544
"(225, 69, 164)",1545
"(248, 116, 235)",1546
"(21, 164, 57)",1547
"(44, 211, 129)",1548
"(67, 9, 201)",1549
"(90, 56, 22)",1550
"(113, 104, 94)",1551
"(136, 151, 166)",1552
"(160, 199, 238)",1553
"(183, 246, 60)",1554
"(206, 44, 131)",1555
"(229, 91, 203)",1556
"(2, 138, 25)",1557
"(25, 186, 97)",1558
"(48, 233, 169)",1559
"(71, 31, 240)",1560
"(95, 78, 62)",1561
"(118, 126, 134)",1562
"(141, 173, 206)",1563
"(164, 221, 27)",1564
"(187, 18, 99)",1565
"(210, 66, 171)",1566
"(233, 113, 243)",1567
"(6, 161, 65)",1568
"(29, 208, 136)",1569
"(53, 5, 208)",1570
"(76, 53, 30)",1571
"(99, 100, 102)",1572
"(122, 148, 174)",1573
"(145, 195, 245)",1574
"(168, 243, 67)",1575
"(191, 40, 139)",1576
"(214, 88, 211)",1577
"(238, 135, 33)",1578
"(11, 183, 104)",1579
"(34, 230, 176)",1580
"(57, 27, 248)",1581
"(80, 75, 70)",1582
"(103, 122, 141)",1583
"(126, 170, 213)",1584
"(149, 217, 35)",1585
"(173, 15, 107)",1586
"(196, 62, 179)",1587
"(219, 110, 0)",1588
"(242, 157, 72)",1589
"(15, 205, 144)",1590
"(38, 2, 216)",1591
"(61, 49, 38)",1592
"(84, 97, 109)",1593
"(108, 144, 181)",1594
"(131, 192, 3)",1595
"(154, 239, 75)",1596
"(177, 37, 147)",1597
"(200, 84, 218)",1598
"(223, 132, 40)",1599
"(246, 179, 112)",1600
"(19, 227, 184)",1601
"(43, 24, 5)",1602
"(66, 71, 77)",1603
"(89, 119, 149)",1604
"(112, 166, 221)",1605
"(135, 214, 43)",1606
"(158, 11, 114)",1607
"(181, 59, 186)",1608
"(204, 106, 8)",1609
"(228, 154, 80)",1610
"(1, 201, 152)",1611
"(24, 249, 223)",1612
"(47, 46, 45)",1613
"(70, 93, 117)",1614
"(93, 141, 189)",1615
"(116, 188, 11)",1616
"(139, 236, 82)",1617
"(163, 33, 154)",1618
"(186, 81, 226)",1619
"(209, 128, 48)",1620
"(232, 176, 119)",1621
"(5, 223, 191)",1622
"(28, 21, 13)",1623
"(51, 68, 85)",1624
"(74, 116, 157)",1625
"(97, 163, 228)",1626
"(121, 210, 50)",1627
"(144, 8, 122)",1628
"(167, 55, 194)",1629
"(190, 103, 16)",1630
"(213, 150, 87)",1631
"(236, 198, 159)",1632
"(9, 245, 231)",1633
"(32, 43, 53)",1634
"(56, 90, 125)",1635
"(79, 138, 196)",1636
"(102, 185, 18)",1637
"(125, 232, 90)",1638
"(148, 30, 162)",1639
"(171, 77, 233)",1640
"(194, 125, 55)",1641
"(217, 172, 127)",1642
"(241, 220, 199)",1643
"(14, 17, 21)",1644
"(37, 65, 92)",1645
"(60, 112, 164)",1646
"(83, 160, 236)",1647
"(106, 207, 58)",1648
"(129, 4, 130)",1649
"(152, 52, 201)",1650
"(176, 99, 23)",1651
"(199, 147, 95)",1652
"(222, 194, 167)",1653
"(245, 242, 239)",1654
"(18, 39, 60)",1655
"(41, 87, 132)",1656
"(64, 134, 204)",1657
"(87, 182, 26)",1658
"(111, 229, 97)",1659
"(134, 26, 169)",1660
"(157, 74, 241)",1661
"(180, 121, 63)",1662
"(203, 169, 135)",1663
"(226, 216, 206)",1664
"(249, 14, 28)",1665
"(22, 61, 100)",1666
"(46, 109, 172)",1667
"(69, 156, 244)",1668
"(92, 204, 65)",1669
"(115, 1, 137)",1670
"(138, 48, 209)",1671
"(161, 96, 31)",1672
"(184, 143, 102)",1673
"(207, 191, 174)",1674
"(231, 238, 246)",1675
"(4, 36, 68)",1676
"(27, 83, 140)",1677
"(50, 131, 211)",1678
"(73, 178, 33)",1679
"(96, 226, 105)",1680
"(119, 23, 177)",1681
"(142, 70, 249)",1682
"(166, 118, 70)",1683
"(189, 165, 142)",1684
"(212, 213, 214)",1685
"(235, 10, 36)",1686
"(8, 58, 108)",1687
"(31, 105, 179)",1688
"(54, 153, 1)",1689
"(77, 200, 73)",1690
"(100, 248, 145)",1691
"(124, 45, 216)",1692
"(147, 93, 38)",1693
"(170, 140, 110)",1694
"(193, 187, 182)",1695
"(216, 235, 4)",1696
"(239, 32, 75)",1697
"(12, 80, 147)",1698
"(35, 127, 219)",1699
"(59, 175, 41)",1700
"(82, 222, 113)",1701
"(105, 20, 184)",1702
"(128, 67, 6)",1703
"(151, 115, 78)",1704
"(174, 162, 150)",1705
"(197, 209, 222)",1706
"(220, 7, 43)",1707
"(244, 54, 115)",1708
"(17, 102, 187)",1709
"(40, 149, 9)",1710
"(63, 197, 80)",1711
"(86, 244, 152)",1712
"(109, 42, 224)",1713
"(132, 89, 46)",1714
"(155, 137, 118)",1715
"(179, 184, 189)",1716
"(202, 231, 11)",1717
"(225, 29, 83)",1718
"(248, 76, 155)",1719
"(21, 124, 227)",1720
"(44, 171, 48)",1721
"(67, 219, 120)",1722
"(90, 16, 192)",1723
"(114, 64, 14)",1724
"(137, 111, 86)",1725
"(160, 159, 157)",1726
"(183, 206, 229)",1727
"(206, 3, 51)",1728
"(229, 51, 123)",1729
"(2, 98, 194)",1730
"(25, 146, 16)",1731
"(49, 193, 88)",1732
"(72, 241, 160)",1733
"(95, 38, 232)",1734
"(118, 86, 53)",1735
"(141, 133, 125)",1736
"(164, 181, 197)",1737
"(187, 228, 19)",1738
"(210, 25, 91)",1739
"(234, 73, 162)",1740
"(7, 120, 234)",1741
"(30, 168, 56)",1742
"(53, 215, 128)",1743
"(76, 13, 200)",1744
"(99, 60, 21)",1745
"(122, 108, 93)",1746
"(145, 155, 165)",1747
"(169, 203, 237)",1748
"(192, 0, 58)",1749
"(215, 48, 130)",1750
"(238, 95, 202)",1751
"(11, 142, 24)",1752
"(34, 190, 96)",1753
"(57, 237, 167)",1754
"(80, 35, 239)",1755
"(103, 82, 61)",1756
"(127, 130, 133)",1757
"(150, 177, 205)",1758
"(173, 225, 26)",1759
"(196, 22, 98)",1760
"(219, 70, 170)",1761
"(242, 117, 242)",1762
"(15, 164, 64)",1763
"(38, 212, 135)",1764
"(62, 9, 207)",1765
"(85, 57, 29)",1766
"(108, 104, 101)",1767
"(131, 152, 172)",1768
"(154, 199, 244)",1769
"(177, 247, 66)",1770
"(200, 44, 138)",1771
"(223, 92, 210)",1772
"(247, 139, 31)",1773
"(20, 186, 103)",1774
"(43, 234, 175)",1775
"(66, 31, 247)",1776
"(89, 79, 69)",1777
"(112, 126, 140)",1778
"(135, 174, 212)",1779
"(158, 221, 34)",1780
"(182, 19, 106)",1781
"(205, 66, 177)",1782
"(228, 114, 249)",1783
"(1, 161, 71)",1784
"(24, 208, 143)",1785
"(47, 6, 215)",1786
"(70, 53, 36)",1787
"(93, 101, 108)",1788
"(117, 148, 180)",1789
"(140, 196, 2)",1790
"(163, 243, 74)",1791
"(186, 41, 145)",1792
"(209, 88, 217)",1793
"(232, 136, 39)",1794
"(5, 183, 111)",1795
"(28, 230, 183)",1796
"(52, 28, 4)",1797
"(75, 75, 76)",1798
"(98, 123, 148)",1799
"(121, 170, 220)",1800
"(144, 218, 41)",1801
"(167, 15, 113)",1802
"(190, 63, 185)",1803
"(213, 110, 7)",1804
"(237, 158, 79)",1805
"(10, 205, 150)",1806
"(33, 2, 222)",1807
"(56, 50, 44)",1808
"(79, 97, 116)",1809
"(102, 145, 188)",1810
"(125, 192, 9)",1811
"(148, 240, 81)",1812
"(171, 37, 153)",1813
"(195, 85, 225)",1814
"(218, 132, 47)",1815
"(241, 180, 118)",1816
"(14, 227, 190)",1817
"(37, 25, 12)",1818
"(60, 72, 84)",1819
"(83, 119, 155)",1820
"(106, 167, 227)",1821
"(130, 214, 49)",1822
"(153, 12, 121)",1823
"(176, 59, 193)",1824
"(199, 107, 14)",1825
"(222, 154, 86)",1826
"(245, 202, 158)",1827
"(18, 249, 230)",1828
"(41, 47, 52)",1829
"(65, 94, 123)",1830
"(88, 141, 195)",1831
"(111, 189, 17)",1832
"(134, 236, 89)",1833
"(157, 34, 161)",1834
"(180, 81, 232)",1835
"(203, 129, 54)",1836
"(226, 176, 126)",1837
"(0, 224, 198)",1838
"(23, 21, 19)",1839
"(46, 69, 91)",1840
"(69, 116, 163)",1841
"(92, 163, 235)",1842
"(115, 211, 57)",1843
"(138, 8, 128)",1844
"(161, 56, 200)",1845
"(185, 103, 22)",1846
"(208, 151, 94)",1847
"(231, 198, 166)",1848
"(4, 246, 237)",1849
"(27, 43, 59)",1850
"(50, 91, 131)",1851
"(73, 138, 203)",1852
"(96, 185, 25)",1853
"(120, 233, 96)",1854
"(143, 30, 168)",1855
"(166, 78, 240)",1856
"(189, 125, 62)",1857
"(212, 173, 133)",1858
"(235, 220, 205)",1859
"(8, 18, 27)",1860
"(31, 65, 99)",1861
"(55, 113, 171)",1862
"(78, 160, 242)",1863
"(101, 207, 64)",1864
"(124, 5, 136)",1865
"(147, 52, 208)",1866
"(170, 100, 30)",1867
"(193, 147, 101)",1868
"(216, 195, 173)",1869
"(240, 242, 245)",1870
"(13, 40, 67)",1871
"(36, 87, 139)",1872
"(59, 135, 210)",1873
"(82, 182, 32)",1874
"(105, 230, 104)",1875
"(128, 27, 176)",1876
"(151, 74, 247)",1877
"(174, 122, 69)",1878
"(198, 169, 141)",1879
"(221, 217, 213)",1880
"(244, 14, 35)",1881
"(17, 62, 106)",1882
"(40, 109, 178)",1883
"(63, 157, 0)",1884
"(86, 204, 72)",1885
"(109, 2, 144)",1886
"(133, 49, 215)",1887
"(156, 96, 37)",1888
"(179, 144, 109)",1889
"(202, 191, 181)",1890
"(225, 239, 2)",1891
"(248, 36, 74)",1892
"(21, 84, 146)",1893
"(44, 131, 218)",1894
"(68, 179, 40)",1895
"(91, 226, 111)",1896
"(114, 24, 183)",1897
"(137, 71, 5)",1898
"(160, 118, 77)",1899
"(183, 166, 149)",1900
"(206, 213, 220)",1901
"(229, 11, 42)",1902
"(3, 58, 114)",1903
"(26, 106, 186)",1904
"(49, 153, 8)",1905
"(72, 201, 79)",1906
"(95, 248, 151)",1907
"(118, 46, 223)",1908
"(141, 93, 45)",1909
"(164, 140, 116)",1910
"(188, 188, 188)",1911
"(211, 235, 10)",1912
"(234, 33, 82)",1913
"(7, 80, 154)",1914
"(30, 128, 225)",1915
"(53, 175, 47)",1916
"(76, 223, 119)",1917
"(99, 20, 191)",1918
"(123, 68, 13)",1919
"(146, 115, 84)",1920
"(169, 162, 156)",1921
"(192, 210, 228)",1922
"(215, 7, 50)",1923
"(238, 55, 122)",1924
"(11, 102, 193)",1925
"(34, 150, 15)",1926
"(58, 197, 87)",1927
"(81, 245, 159)",1928
"(104, 42, 230)",1929
"(127, 90, 52)",1930
"(150, 137, 124)",1931
"(173, 184, 196)",1932
"(196, 232, 18)",1933
"(219, 29, 89)",1934
"(243, 77, 161)",1935
"(16, 124, 233)",1936
"(39, 172, 55)",1937
"(62, 219, 127)",1938
"(85, 17, 198)",1939
"(108, 64, 20)",1940
"(131, 112, 92)",1941
"(154, 159, 164)",1942
"(177, 207, 236)",1943
"(201, 4, 57)",1944
"(224, 51, 129)",1945
"(247, 99, 201)",1946
"(20, 146, 23)",1947
"(43, 194, 94)",1948
"(66, 241, 166)",1949
"(89, 39, 238)",1950
"(112, 86, 60)",1951
"(136, 134, 132)",1952
"(159, 181, 203)",1953
"(182, 229, 25)",1954
"(205, 26, 97)",1955
"(228, 73, 169)",1956
"(1, 121, 241)",1957
"(24, 168, 62)",1958
"(47, 216, 134)",1959
"(71, 13, 206)",1960
"(94, 61, 28)",1961
"(117, 108, 100)",1962
"(140, 156, 171)",1963
"(163, 203, 243)",1964
"(186, 1, 65)",1965
"(209, 48, 137)",1966
"(232, 95, 208)",1967
"(6, 143, 30)",1968
"(29, 190, 102)",1969
"(52, 238, 174)",1970
"(75, 35, 246)",1971
"(98, 83, 67)",1972
"(121, 130, 139)",1973
"(144, 178, 211)",1974
"(167, 225, 33)",1975
"(191, 23, 105)",1976
"(214, 70, 176)",1977
"(237, 117, 248)",1978
"(10, 165, 70)",1979
"(33, 212, 142)",1980
"(56, 10, 214)",1981
"(79, 57, 35)",1982
"(102, 105, 107)",1983
"(126, 152, 179)",1984
"(149, 200, 1)",1985
"(172, 247, 72)",1986
"(195, 45, 144)",1987
"(218, 92, 216)",1988
"(241, 139, 38)",1989
"(14, 187, 110)",1990
"(37, 234, 181)",1991
"(61, 32, 3)",1992
"(84, 79, 75)",1993
"(107, 127, 147)",1994
"(130, 174, 219)",1995
"(153, 222, 40)",1996
"(176, 19, 112)",1997
"(199, 67, 184)",1998
"(222, 114, 6)",1999
"(246, 162, 78)",2000
"(19, 209, 149)",2001
"(42, 6, 221)",2002
"(65, 54, 43)",2003
"(88, 101, 115)",2004
"(111, 149, 186)",2005
"(134, 196, 8)",2006
"(157, 244, 80)",2007
"(180, 41, 152)",2008
"(204, 89, 224)",2009
"(227, 136, 45)",2010
"(0, 184, 117)",2011
"(23, 231, 189)",2012
"(46, 28, 11)",2013
"(69, 76, 83)",2014
"(92, 123, 154)",2015
"(115, 171, 226)",2016
"(139, 218, 48)",2017
"(162, 16, 120)",2018
"(185, 63, 191)",2019
"(208, 111, 13)",2020
"(231, 158, 85)",2021
"(4, 206, 157)",2022
"(27, 3, 229)",2023
"(50, 50, 50)",2024
"(74, 98, 122)",2025
"(97, 145, 194)",2026
"(120, 193, 16)",2027
"(143, 240, 88)",2028
"(166, 38, 159)",2029
"(189, 85, 231)",2030
"(212, 133, 53)",2031
"(235, 180, 125)",2032
"(9, 228, 197)",2033
"(32, 25, 18)",2034
"(55, 72, 90)",2035
"(78, 120, 162)",2036
"(101, 167, 234)",2037
"(124, 215, 55)",2038
"(147, 12, 127)",2039
"(170, 60, 199)",2040
"(194, 107, 21)",2041
"(217, 155, 93)",2042
"(240, 202, 164)",2043
"(13, 0, 236)",2044
"(36, 47, 58)",2045
"(59, 94, 130)",2046
"(82, 142, 202)",2047
"(105, 189, 23)",2048
"(129, 237, 95)",2049
"(152, 34, 167)",2050
"(175, 82, 239)",2051
"(198, 129, 61)",2052
"(221, 177, 132)",2053
"(244, 224, 204)",2054
"(17, 22, 26)",2055
"(40, 69, 98)",2056
"(64, 116, 169)",2057
"(87, 164, 241)",2058
"(110, 211, 63)",2059
"(133, 9, 135)",2060
"(156, 56, 207)",2061
"(179, 104, 28)",2062
"(202, 151, 100)",2063
"(225, 199, 172)",2064
"(248, 246, 244)",2065
"(22, 44, 66)",2066
"(45, 91, 137)",2067
"(68, 139, 209)",2068
"(91, 186, 31)",2069
"(114, 233, 103)",2070
"(137, 31, 175)",2071
"(160, 78, 246)",2072
"(183, 126, 68)",2073
"(207, 173, 140)",2074
"(230, 221, 212)",2075
"(3, 18, 33)",2076
"(26, 66, 105)",2077
"(49, 113, 177)",2078
"(72, 161, 249)",2079
"(95, 208, 71)",2080
"(118, 5, 142)",2081
"(142, 53, 214)",2082
"(165, 100, 36)",2083
"(188, 148, 108)",2084
"(211, 195, 180)",2085
"(234, 243, 1)",2086
"(7, 40, 73)",2087
"(30, 88, 145)",2088
"(53, 135, 217)",2089
"(77, 183, 39)",2090
"(100, 230, 110)",2091
"(123, 27, 182)",2092
"(146, 75, 4)",2093
"(169, 122, 76)",2094
"(192, 170, 147)",2095
"(215, 217, 219)",2096
"(238, 15, 41)",2097
"(12, 62, 113)",2098
"(35, 110, 185)",2099
"(58, 157, 6)",2100
"(81, 205, 78)",2101
"(104, 2, 150)",2102
"(127, 49, 222)",2103
"(150, 97, 44)",2104
"(173, 144, 115)",2105
"(197, 192, 187)",2106
"(220, 239, 9)",2107
"(243, 37, 81)",2108
"(16, 84, 153)",2109
"(39, 132, 224)",2110
"(62, 179, 46)",2111
"(85, 227, 118)",2112
"(108, 24, 190)",2113
"(132, 71, 11)",2114
"(155, 119, 83)",2115
"(178, 166, 155)",2116
"(201, 214, 227)",2117
"(224, 11, 49)",2118
"(247, 59, 120)",2119
"(20, 106, 192)",2120
"(43, 154, 14)",2121
"(67, 201, 86)",2122
"(90, 249, 158)",2123
"(113, 46, 229)",2124
"(136, 94, 51)",2125
"(159, 141, 123)",2126
"(182, 188, 195)",2127
"(205, 236, 16)",2128
"(228, 33, 88)",2129
"(1, 81, 160)",2130
"(25, 128, 232)",2131
"(48, 176, 54)",2132
"(71, 223, 125)",2133
"(94, 21, 197)",2134
"(117, 68, 19)",2135
"(140, 116, 91)",2136
"(163, 163, 163)",2137
"(186, 210, 234)",2138
"(210, 8, 56)",2139
"(233, 55, 128)",2140
"(6, 103, 200)",2141
"(29, 150, 22)",2142
"(52, 198, 93)",2143
"(75, 245, 165)",2144
"(98, 43, 237)",2145
"(121, 90, 59)",2146
"(145, 138, 130)",2147
"(168, 185, 202)",2148
"(191, 232, 24)",2149
"(214, 30, 96)",2150
"(237, 77, 168)",2151
"(10, 125, 239)",2152
"(33, 172, 61)",2153
"(56, 220, 133)",2154
"(80, 17, 205)",2155
"(103, 65, 27)",2156
"(126, 112, 98)",2157
"(149, 160, 170)",2158
"(172, 207, 242)",2159
"(195, 4, 64)",2160
"(218, 52, 136)",2161
"(241, 99, 207)",2162
"(15, 147, 29)",2163
"(38, 194, 101)",2164
"(61, 242, 173)",2165
"(84, 39, 244)",2166
"(107, 87, 66)",2167
"(130, 134, 138)",2168
"(153, 182, 210)",2169
"(176, 229, 32)",2170
"(200, 26, 103)",2171
"(223, 74, 175)",2172
"(246, 121, 247)",2173
"(19, 169, 69)",2174
"(42, 216, 141)",2175
"(65, 14, 212)",2176
"(88, 61, 34)",2177
"(111, 109, 106)",2178
"(135, 156, 178)",2179
"(158, 204, 0)",2180
"(181, 1, 71)",2181
"(204, 48, 143)",2182
"(227, 96, 215)",2183
"(0, 143, 37)",2184
"(23, 191, 108)",2185
"(46, 238, 180)",2186
"(70, 36, 2)",2187
"(93, 83, 74)",2188
"(116, 131, 146)",2189
"(139, 178, 217)",2190
"(162, 226, 39)",2191
"(185, 23, 111)",2192
"(208, 71, 183)",2193
"(231, 118, 5)",2194
"(4, 165, 76)",2195
"(28, 213, 148)",2196
"(51, 10, 220)",2197
"(74, 58, 42)",2198
"(97, 105, 114)",2199
"(120, 153, 185)",2200
"(143, 200, 7)",2201
"(166, 248, 79)",2202
"(189, 45, 151)",2203
"(213, 93, 222)",2204
"(236, 140, 44)",2205
"(9, 187, 116)",2206
"(32, 235, 188)",2207
"(55, 32, 10)",2208
"(78, 80, 81)",2209
"(101, 127, 153)",2210
"(124, 175, 225)",2211
"(148, 222, 47)",2212
"(171, 20, 119)",2213
"(194, 67, 190)",2214
"(217, 115, 12)",2215
"(240, 162, 84)",2216
"(13, 209, 156)",2217
"(36, 7, 228)",2218
"(59, 54, 49)",2219
"(83, 102, 121)",2220
"(106, 149, 193)",2221
"(129, 197, 15)",2222
"(152, 244, 86)",2223
"(175, 42, 158)",2224
"(198, 89, 230)",2225
"(221, 137, 52)",2226
"(244, 184, 124)",2227
"(18, 231, 195)",2228
"(41, 29, 17)",2229
"(64, 76, 89)",2230
"(87, 124, 161)",2231
"(110, 171, 233)",2232
"(133, 219, 54)",2233
"(156, 16, 126)",2234
"(179, 64, 198)",2235
"(203, 111, 20)",2236
"(226, 159, 91)",2237
"(249, 206, 163)",2238
"(22, 3, 235)",2239
"(45, 51, 57)",2240
"(68, 98, 129)",2241
"(91, 146, 200)",2242
"(114, 193, 22)",2243
"(138, 241, 94)",2244
"(161, 38, 166)",2245
"(184, 86, 238)",2246
"(207, 133, 59)",2247
"(230, 181, 131)",2248
"(3, 228, 203)",2249
"(26, 26, 25)",2250
"(49, 73, 97)",2251
"(72, 120, 168)",2252
"(96, 168, 240)",2253
"(119, 215, 62)",2254
"(142, 13, 134)",2255
"(165, 60, 205)",2256
"(188, 108, 27)",2257
"(211, 155, 99)",2258
"(234, 203, 171)",2259
"(7, 0, 243)",2260
"(31, 48, 64)",2261
"(54, 95, 136)",2262
"(77, 142, 208)",2263
"(100, 190, 30)",2264
"(123, 237, 102)",2265
"(146, 35, 173)",2266
"(169, 82, 245)",2267
"(192, 130, 67)",2268
"(216, 177, 139)",2269
"(239, 225, 211)",2270
"(12, 22, 32)",2271
"(35, 70, 104)",2272
"(58, 117, 176)",2273
"(81, 164, 248)",2274
"(104, 212, 69)",2275
"(127, 9, 141)",2276
"(151, 57, 213)",2277
"(174, 104, 35)",2278
"(197, 152, 107)",2279
"(220, 199, 178)",2280
"(243, 247, 0)",2281
"(16, 44, 72)",2282
"(39, 92, 144)",2283
"(62, 139, 216)",2284
"(86, 186, 37)",2285
"(109, 234, 109)",2286
"(132, 31, 181)",2287
"(155, 79, 3)",2288
"(178, 126, 75)",2289
"(201, 174, 146)",2290
"(224, 221, 218)",2291
"(247, 19, 40)",2292
"(21, 66, 112)",2293
"(44, 114, 183)",2294
"(67, 161, 5)",2295
"(90, 208, 77)",2296
"(113, 6, 149)",2297
"(136, 53, 221)",2298
"(159, 101, 42)",2299
"(182, 148, 114)",2300
"(206, 196, 186)",2301
"(229, 243, 8)",2302
"(2, 41, 80)",2303
"(25, 88, 151)",2304
"(48, 136, 223)",2305
"(71, 183, 45)",2306
"(94, 230, 117)",2307
"(117, 28, 189)",2308
"(141, 75, 10)",2309
"(164, 123, 82)",2310
"(187, 170, 154)",2311
"(210, 218, 226)",2312
"(233, 15, 47)",2313
"(6, 63, 119)",2314
"(29, 110, 191)",2315
"(52, 158, 13)",2316
"(75, 205, 85)",2317
"(99, 3, 156)",2318
"(122, 50, 228)",2319
"(145, 97, 50)",2320
"(168, 145, 122)",2321
"(191, 192, 194)",2322
"(214, 240, 15)",2323
"(237, 37, 87)",2324
"(10, 85, 159)",2325
"(34, 132, 231)",2326
"(57, 180, 53)",2327
"(80, 227, 124)",2328
"(103, 25, 196)",2329
"(126, 72, 18)",2330
"(149, 119, 90)",2331
"(172, 167, 161)",2332
"(195, 214, 233)",2333
"(219, 12, 55)",2334
"(242, 59, 127)",2335
"(15, 107, 199)",2336
"(38, 154, 20)",2337
"(61, 202, 92)",2338
"(84, 249, 164)",2339
"(107, 47, 236)",2340
"(130, 94, 58)",2341
"(154, 141, 129)",2342
"(177, 189, 201)",2343
"(200, 236, 23)",2344
"(223, 34, 95)",2345
"(246, 81, 166)",2346
"(19, 129, 238)",2347
"(42, 176, 60)",2348
"(65, 224, 132)",2349
"(89, 21, 204)",2350
"(112, 69, 25)",2351
"(135, 116, 97)",2352
"(158, 163, 169)",2353
"(181, 211, 241)",2354
"(204, 8, 63)",2355
"(227, 56, 134)",2356
"(0, 103, 206)",2357
"(24, 151, 28)",2358
"(47, 198, 100)",2359
"(70, 246, 172)",2360
"(93, 43, 243)",2361
"(116, 91, 65)",2362
"(139, 138, 137)",2363
"(162, 185, 209)",2364
"(185, 233, 30)",2365
"(209, 30, 102)",2366
"(232, 78, 174)",2367
"(5, 125, 246)",2368
"(28, 173, 68)",2369
"(51, 220, 139)",2370
"(74, 18, 211)",2371
"(97, 65, 33)",2372
"(120, 113, 105)",2373
"(144, 160, 177)",2374
"(167, 208, 248)",2375
"(190, 5, 70)",2376
"(213, 52, 142)",2377
"(236, 100, 214)",2378
"(9, 147, 36)",2379
"(32, 195, 107)",2380
"(55, 242, 179)",2381
"(78, 40, 1)",2382
"(102, 87, 73)",2383
"(125, 135, 144)",2384
"(148, 182, 216)",2385
"(171, 230, 38)",2386
"(194, 27, 110)",2387
"(217, 74, 182)",2388
"(240, 122, 3)",2389
"(13, 169, 75)",2390
"(37, 217, 147)",2391
"(60, 14, 219)",2392
"(83, 62, 41)",2393
"(106, 109, 112)",2394
"(129, 157, 184)",2395
"(152, 204, 6)",2396
"(175, 2, 78)",2397
"(198, 49, 150)",2398
"(222, 96, 221)",2399
"(245, 144, 43)",2400
"(18, 191, 115)",2401
"(41, 239, 187)",2402
"(64, 36, 8)",2403
"(87, 84, 80)",2404
"(110, 131, 152)",2405
"(133, 179, 224)",2406
"(157, 226, 46)",2407
"(180, 24, 117)",2408
"(203, 71, 189)",2409
"(226, 118, 11)",2410
"(249, 166, 83)",2411
"(22, 213, 155)",2412
"(45, 11, 226)",2413
"(68, 58, 48)",2414
"(92, 106, 120)",2415
"(115, 153, 192)",2416
"(138, 201, 14)",2417
"(161, 248, 85)",2418
"(184, 46, 157)",2419
"(207, 93, 229)",2420
"(230, 140, 51)",2421
"(3, 188, 122)",2422
"(27, 235, 194)",2423
"(50, 33, 16)",2424
"(73, 80, 88)",2425
"(96, 128, 160)",2426
"(119, 175, 231)",2427
"(142, 223, 53)",2428
"(165, 20, 125)",2429
"(188, 68, 197)",2430
"(212, 115, 19)",2431
"(235, 162, 90)",2432
"(8, 210, 162)",2433
"(31, 7, 234)",2434
"(54, 55, 56)",2435
"(77, 102, 128)",2436
"(100, 150, 199)",2437
"(123, 197, 21)",2438
"(146, 245, 93)",2439
"(170, 42, 165)",2440
"(193, 90, 236)",2441
"(216, 137, 58)",2442
"(239, 185, 130)",2443
"(12, 232, 202)",2444
"(35, 29, 24)",2445
"(58, 77, 95)",2446
"(81, 124, 167)",2447
"(105, 172, 239)",2448
"(128, 219, 61)",2449
"(151, 17, 133)",2450
"(174, 64, 204)",2451
"(197, 112, 26)",2452
"(220, 159, 98)",2453
"(243, 207, 170)",2454
"(16, 4, 241)",2455
"(40, 51, 63)",2456
"(63, 99, 135)",2457
"(86, 146, 207)",2458
"(109, 194, 29)",2459
"(132, 241, 100)",2460
"(155, 39, 172)",2461
"(178, 86, 244)",2462
"(201, 134, 66)",2463
"(225, 181, 138)",2464
"(248, 229, 209)",2465
"(21, 26, 31)",2466
"(44, 73, 103)",2467
"(67, 121, 175)",2468
"(90, 168, 247)",2469
"(113, 216, 68)",2470
"(136, 13, 140)",2471
"(160, 61, 212)",2472
"(183, 108, 34)",2473
"(206, 156, 105)",2474
"(229, 203, 177)",2475
"(2, 1, 249)",2476
"(25, 48, 71)",2477
"(48, 95, 143)",2478
"(71, 143, 214)",2479
"(95, 190, 36)",2480
"(118, 238, 108)",2481
"(141, 35, 180)",2482
"(164, 83, 2)",2483
"(187, 130, 73)",2484
"(210, 178, 145)",2485
"(233, 225, 217)",2486
"(6, 23, 39)",2487
"(30, 70, 111)",2488
"(53, 117, 182)",2489
"(76, 165, 4)",2490
"(99, 212, 76)",2491
"(122, 10, 148)",2492
"(145, 57, 219)",2493
"(168, 105, 41)",2494
"(191, 152, 113)",2495
"(215, 200, 185)",2496
"(238, 247, 7)",2497
"(11, 45, 78)",2498
"(34, 92, 150)",2499
"(57, 140, 222)",2500
"(80, 187, 44)",2501
"(103, 234, 116)",2502
"(126, 32, 187)",2503
"(149, 79, 9)",2504
"(173, 127, 81)",2505
"(196, 174, 153)",2506
"(219, 222, 225)",2507
"(242, 19, 46)",2508
"(15, 67, 118)",2509
"(38, 114, 190)",2510
"(61, 162, 12)",2511
"(84, 209, 83)",2512
"(108, 6, 155)",2513
"(131, 54, 227)",2514
"(154, 101, 49)",2515
"(177, 149, 121)",2516
"(200, 196, 192)",2517
"(223, 244, 14)",2518
"(246, 41, 86)",2519
"(19, 89, 158)",2520
"(43, 136, 230)",2521
"(66, 184, 51)",2522
"(89, 231, 123)",2523
"(112, 28, 195)",2524
"(135, 76, 17)",2525
"(158, 123, 89)",2526
"(181, 171, 160)",2527
"(204, 218, 232)",2528
"(228, 16, 54)",2529
"(1, 63, 126)",2530
"(24, 111, 197)",2531
"(47, 158, 19)",2532
"(70, 206, 91)",2533
"(93, 3, 163)",2534
"(116, 50, 235)",2535
"(139, 98, 56)",2536
"(163, 145, 128)",2537
"(186, 193, 200)",2538
"(209, 240, 22)",2539
"(232, 38, 94)",2540
"(5, 85, 165)",2541
"(28, 133, 237)",2542
"(51, 180, 59)",2543
"(74, 228, 131)",2544
"(98, 25, 203)",2545
"(121, 72, 24)",2546
"(144, 120, 96)",2547
"(167, 167, 168)",2548
"(190, 215, 240)",2549
"(213, 12, 61)",2550
"(236, 60, 133)",2551
"(9, 107, 205)",2552
"(33, 155, 27)",2553
"(56, 202, 99)",2554
"(79, 0, 170)",2555
"(102, 47, 242)",2556
"(125, 94, 64)",2557
"(148, 142, 136)",2558
"(171, 189, 208)",2559
"(194, 237, 29)",2560
"(218, 34, 101)",2561
"(241, 82, 173)",2562
"(14, 129, 245)",2563
"(37, 177, 66)",2564
"(60, 224, 138)",2565
"(83, 22, 210)",2566
"(106, 69, 32)",2567
"(129, 117, 104)",2568
"(152, 164, 175)",2569
"(176, 211, 247)",2570
"(199, 9, 69)",2571
"(222, 56, 141)",2572
"(245, 104, 213)",2573
"(18, 151, 34)",2574
"(41, 199, 106)",2575
"(64, 246, 178)",2576
"(87, 44, 0)",2577
"(111, 91, 72)",2578
"(134, 139, 143)",2579
"(157, 186, 215)",2580
"(180, 233, 37)",2581
"(203, 31, 109)",2582
"(226, 78, 180)",2583
"(249, 126, 2)",2584
"(22, 173, 74)",2585
"(46, 221, 146)",2586
"(69, 18, 218)",2587
"(92, 66, 39)",2588
"(115, 113, 111)",2589
"(138, 161, 183)",2590
"(161, 208, 5)",2591
"(184, 5, 77)",2592
"(207, 53, 148)",2593
"(231, 100, 220)",2594
"(4, 148, 42)",2595
"(27, 195, 114)",2596
"(50, 243, 186)",2597
"(73, 40, 7)",2598
"(96, 88, 79)",2599
"(119, 135, 151)",2600
"(142, 183, 223)",2601
"(166, 230, 44)",2602
"(189, 27, 116)",2603
"(212, 75, 188)",2604
"(235, 122, 10)",2605
"(8, 170, 82)",2606
"(31, 217, 153)",2607
"(54, 15, 225)",2608
"(77, 62, 47)",2609
"(101, 110, 119)",2610
"(124, 157, 191)",2611
"(147, 205, 12)",2612
"(170, 2, 84)",2613
"(193, 49, 156)",2614
"(216, 97, 228)",2615
"(239, 144, 50)",2616
"(12, 192, 121)",2617
"(36, 239, 193)",2618
"(59, 37, 15)",2619
"(82, 84, 87)",2620
"(105, 132, 158)",2621
"(128, 179, 230)",2622
"(151, 227, 52)",2623
"(174, 24, 124)",2624
"(197, 72, 196)",2625
"(220, 119, 17)",2626
"(244, 166, 89)",2627
"(17, 214, 161)",2628
"(40, 11, 233)",2629
"(63, 59, 55)",2630
"(86, 106, 126)",2631
"(109, 154, 198)",2632
"(132, 201, 20)",2633
"(155, 249, 92)",2634
"(179, 46, 164)",2635
"(202, 94, 235)",2636
"(225, 141, 57)",2637
"(248, 188, 129)",2638
"(21, 236, 201)",2639
"(44, 33, 22)",2640
"(67, 81, 94)",2641
"(90, 128, 166)",2642
"(114, 176, 238)",2643
"(137, 223, 60)",2644
"(160, 21, 131)",2645
"(183, 68, 203)",2646
"(206, 116, 25)",2647
"(229, 163, 97)",2648
"(2, 210, 169)",2649
"(25, 8, 240)",2650
"(49, 55, 62)",2651
"(72, 103, 134)",2652
"(95, 150, 206)",2653
"(118, 198, 28)",2654
"(141, 245, 99)",2655
"(164, 43, 171)",2656
"(187, 90, 243)",2657
"(210, 138, 65)",2658
"(234, 185, 136)",2659
"(7, 232, 208)",2660
"(30, 30, 30)",2661
"(53, 77, 102)",2662
"(76, 125, 174)",2663
"(99, 172, 245)",2664
"(122, 220, 67)",2665
"(145, 17, 139)",2666
"(169, 65, 211)",2667
"(192, 112, 33)",2668
"(215, 160, 104)",2669
"(238, 207, 176)",2670
"(11, 4, 248)",2671
"(34, 52, 70)",2672
"(57, 99, 141)",2673
"(80, 147, 213)",2674
"(104, 194, 35)",2675
"(127, 242, 107)",2676
"(150, 39, 179)",2677
"(173, 87, 0)",2678
"(196, 134, 72)",2679
"(219, 182, 144)",2680
"(242, 229, 216)",2681
"(15, 26, 38)",2682
"(39, 74, 109)",2683
"(62, 121, 181)",2684
"(85, 169, 3)",2685
"(108, 216, 75)",2686
"(131, 14, 147)",2687
"(154, 61, 218)",2688
"(177, 109, 40)",2689
"(200, 156, 112)",2690
"(223, 204, 184)",2691
"(247, 1, 5)",2692
"(20, 49, 77)",2693
"(43, 96, 149)",2694
"(66, 143, 221)",2695
"(89, 191, 43)",2696
"(112, 238, 114)",2697
"(135, 36, 186)",2698
"(158, 83, 8)",2699
"(182, 131, 80)",2700
"(205, 178, 152)",2701
"(228, 226, 223)",2702
"(1, 23, 45)",2703
"(24, 71, 117)",2704
"(47, 118, 189)",2705
"(70, 165, 11)",2706
"(93, 213, 82)",2707
"(117, 10, 154)",2708
"(140, 58, 226)",2709
"(163, 105, 48)",2710
"(186, 153, 119)",2711
"(209, 200, 191)",2712
"(232, 248, 13)",2713
"(5, 45, 85)",2714
"(28, 93, 157)",2715
"(52, 140, 228)",2716
"(75, 187, 50)",2717
"(98, 235, 122)",2718
"(121, 32, 194)",2719
"(144, 80, 16)",2720
"(167, 127, 87)",2721
"(190, 175, 159)",2722
"(213, 222, 231)",2723
"(237, 20, 53)",2724
"(10, 67, 125)",2725
"(33, 115, 196)",2726
"(56, 162, 18)",2727
"(79, 209, 90)",2728
"(102, 7, 162)",2729
"(125, 54, 233)",2730
"(148, 102, 55)",2731
"(172, 149, 127)",2732
"(195, 197, 199)",2733
"(218, 244, 21)",2734
"(241, 42, 92)",2735
"(14, 89, 164)",2736
"(37, 137, 236)",2737
"(60, 184, 58)",2738
"(83, 231, 130)",2739
"(107, 29, 201)",2740
"(130, 76, 23)",2741
"(153, 124, 95)",2742
"(176, 171, 167)",2743
"(199, 219, 239)",2744
"(222, 16, 60)",2745
"(245, 64, 132)",2746
"(18, 111, 204)",2747
"(42, 159, 26)",2748
"(65, 206, 97)",2749
"(88, 4, 169)",2750
"(111, 51, 241)",2751
"(134, 98, 63)",2752
"(157, 146, 135)",2753
"(180, 193, 206)",2754
"(203, 241, 28)",2755
"(226, 38, 100)",2756
"(0, 86, 172)",2757
"(23, 133, 244)",2758
"(46, 181, 65)",2759
"(69, 228, 137)",2760
"(92, 26, 209)",2761
"(115, 73, 31)",2762
"(138, 120, 103)",2763
"(161, 168, 174)",2764
"(185, 215, 246)",2765
"(208, 13, 68)",2766
"(231, 60, 140)",2767
"(4, 108, 211)",2768
"(27, 155, 33)",2769
"(50, 203, 105)",2770
"(73, 0, 177)",2771
"(96, 48, 249)",2772
"(120, 95, 70)",2773
"(143, 142, 142)",2774
"(166, 190, 214)",2775
"(189, 237, 36)",2776
"(212, 35, 108)",2777
"(235, 82, 179)",2778
"(8, 130, 1)",2779
"(31, 177, 73)",2780
"(55, 225, 145)",2781
"(78, 22, 216)",2782
"(101, 70, 38)",2783
"(124, 117, 110)",2784
"(147, 164, 182)",2785
"(170, 212, 4)",2786
"(193, 9, 75)",2787
"(216, 57, 147)",2788
"(240, 104, 219)",2789
"(13, 152, 41)",2790
"(36, 199, 113)",2791
"(59, 247, 184)",2792
"(82, 44, 6)",2793
"(105, 92, 78)",2794
"(128, 139, 150)",2795
"(151, 186, 222)",2796
"(175, 234, 43)",2797
"(198, 31, 115)",2798
"(221, 79, 187)",2799
"(244, 126, 9)",2800
"(17, 174, 80)",2801
"(40, 221, 152)",2802
"(63, 19, 224)",2803
"(86, 66, 46)",2804
"(110, 114, 118)",2805
"(133, 161, 189)",2806
"(156, 208, 11)",2807
"(179, 6, 83)",2808
"(202, 53, 155)",2809
"(225, 101, 227)",2810
"(248, 148, 48)",2811
"(21, 196, 120)",2812
"(44, 243, 192)",2813
"(68, 41, 14)",2814
"(91, 88, 86)",2815
"(114, 136, 157)",2816
"(137, 183, 229)",2817
"(160, 231, 51)",2818
"(183, 28, 123)",2819
"(206, 75, 194)",2820
"(229, 123, 16)",2821
"(3, 170, 88)",2822
"(26, 218, 160)",2823
"(49, 15, 232)",2824
"(72, 63, 53)",2825
"(95, 110, 125)",2826
"(118, 158, 197)",2827
"(141, 205, 19)",2828
"(164, 3, 91)",2829
"(188, 50, 162)",2830
"(211, 97, 234)",2831
"(234, 145, 56)",2832
"(7, 192, 128)",2833
"(30, 240, 200)",2834
"(53, 37, 21)",2835
"(76, 85, 93)",2836
"(99, 132, 165)",2837
"(123, 180, 237)",2838
"(146, 227, 58)",2839
"(169, 25, 130)",2840
"(192, 72, 202)",2841
"(215, 119, 24)",2842
"(238, 167, 96)",2843
"(11, 214, 167)",2844
"(34, 12, 239)",2845
"(58, 59, 61)",2846
"(81, 107, 133)",2847
"(104, 154, 205)",2848
"(127, 202, 26)",2849
"(150, 249, 98)",2850
"(173, 47, 170)",2851
"(196, 94, 242)",2852
"(219, 141, 64)",2853
"(243, 189, 135)",2854
"(16, 236, 207)",2855
"(39, 34, 29)",2856
"(62, 81, 101)",2857
"(85, 129, 172)",2858
"(108, 176, 244)",2859
"(131, 224, 66)",2860
"(154, 21, 138)",2861
"(178, 69, 210)",2862
"(201, 116, 31)",2863
"(224, 163, 103)",2864
"(247, 211, 175)",2865
"(20, 8, 247)",2866
"(43, 56, 69)",2867
"(66, 103, 140)",2868
"(89, 151, 212)",2869
"(113, 198, 34)",2870
"(136, 246, 106)",2871
"(159, 43, 178)",2872
"(182, 91, 249)",2873
"(205, 138, 71)",2874
"(228, 186, 143)",2875
"(1, 233, 215)",2876
"(24, 30, 36)",2877
"(47, 78, 108)",2878
"(71, 125, 180)",2879
"(94, 173, 2)",2880
"(117, 220, 74)",2881
"(140, 18, 145)",2882
"(163, 65, 217)",2883
"(186, 113, 39)",2884
"(209, 160, 111)",2885
"(232, 208, 183)",2886
"(6, 5, 4)",2887
"(29, 52, 76)",2888
"(52, 100, 148)",2889
"(75, 147, 220)",2890
"(98, 195, 41)",2891
"(121, 242, 113)",2892
"(144, 40, 185)",2893
"(167, 87, 7)",2894
"(191, 135, 79)",2895
"(214, 182, 150)",2896
"(237, 230, 222)",2897
"(10, 27, 44)",2898
"(33, 74, 116)",2899
"(56, 122, 188)",2900
"(79, 169, 9)",2901
"(102, 217, 81)",2902
"(126, 14, 153)",2903
"(149, 62, 225)",2904
"(172, 109, 47)",2905
"(195, 157, 118)",2906
"(218, 204, 190)",2907
"(241, 2, 12)",2908
"(14, 49, 84)",2909
"(37, 96, 155)",2910
"(61, 144, 227)",2911
"(84, 191, 49)",2912
"(107, 239, 121)",2913
"(130, 36, 193)",2914
"(153, 84, 14)",2915
"(176, 131, 86)",2916
"(199, 179, 158)",2917
"(222, 226, 230)",2918
"(246, 24, 52)",2919
"(19, 71, 123)",2920
"(42, 118, 195)",2921
"(65, 166, 17)",2922
"(88, 213, 89)",2923
"(111, 11, 161)",2924
"(134, 58, 232)",2925
"(157, 106, 54)",2926
"(181, 153, 126)",2927
"(204, 201, 198)",2928
"(227, 248, 19)",2929
"(0, 46, 91)",2930
"(23, 93, 163)",2931
"(46, 140, 235)",2932
"(69, 188, 57)",2933
"(92, 235, 128)",2934
"(116, 33, 200)",2935
"(139, 80, 22)",2936
"(162, 128, 94)",2937
"(185, 175, 166)",2938
"(208, 223, 237)",2939
"(231, 20, 59)",2940
"(4, 68, 131)",2941
"(27, 115, 203)",2942
"(50, 163, 25)",2943
"(74, 210, 96)",2944
"(97, 7, 168)",2945
"(120, 55, 240)",2946
"(143, 102, 62)",2947
"(166, 150, 133)",2948
"(189, 197, 205)",2949
"(212, 245, 27)",2950
"(235, 42, 99)",2951
"(9, 90, 171)",2952
"(32, 137, 242)",2953
"(55, 185, 64)",2954
"(78, 232, 136)",2955
"(101, 29, 208)",2956
"(124, 77, 30)",2957
"(147, 124, 101)",2958
"(170, 172, 173)",2959
"(194, 219, 245)",2960
"(217, 17, 67)",2961
"(240, 64, 139)",2962
"(13, 112, 210)",2963
"(36, 159, 32)",2964
"(59, 207, 104)",2965
"(82, 4, 176)",2966
"(105, 51, 247)",2967
"(129, 99, 69)",2968
"(152, 146, 141)",2969
"(175, 194, 213)",2970
"(198, 241, 35)",2971
"(221, 39, 106)",2972
"(244, 86, 178)",2973
"(17, 134, 0)",2974
"(40, 181, 72)",2975
"(64, 229, 144)",2976
"(87, 26, 215)",2977
"(110, 73, 37)",2978
"(133, 121, 109)",2979
"(156, 168, 181)",2980
"(179, 216, 3)",2981
"(202, 13, 74)",2982
"(225, 61, 146)",2983
"(249, 108, 218)",2984
"(22, 156, 40)",2985
"(45, 203, 111)",2986
"(68, 1, 183)",2987
"(91, 48, 5)",2988
"(114, 95, 77)",2989
"(137, 143, 149)",2990
"(160, 190, 220)",2991
"(184, 238, 42)",2992
"(207, 35, 114)",2993
"(230, 83, 186)",2994
"(3, 130, 8)",2995
"(26, 178, 79)",2996
"(49, 225, 151)",2997
"(72, 23, 223)",2998
"(95, 70, 45)",2999
"(119, 118, 117)",3000
"(142, 165, 188)",3001
"(165, 212, 10)",3002
"(188, 10, 82)",3003
"(211, 57, 154)",3004
"(234, 105, 225)",3005
"(7, 152, 47)",3006
"(30, 200, 119)",3007
"(53, 247, 191)",3008
"(77, 45, 13)",3009
"(100, 92, 84)",3010
"(123, 140, 156)",3011
"(146, 187, 228)",3012
"(169, 234, 50)",3013
"(192, 32, 122)",3014
"(215, 79, 193)",3015
"(238, 127, 15)",3016
"(12, 174, 87)",3017
"(35, 222, 159)",3018
"(58, 19, 230)",3019
"(81, 67, 52)",3020
"(104, 114, 124)",3021
"(127, 162, 196)",3022
"(150, 209, 18)",3023
"(173, 6, 89)",3024
"(197, 54, 161)",3025
"(220, 101, 233)",3026
"(243, 149, 55)",3027
"(16, 196, 127)",3028
"(39, 244, 198)",3029
"(62, 41, 20)",3030
"(85, 89, 92)",3031
"(108, 136, 164)",3032
"(132, 184, 236)",3033
"(155, 231, 57)",3034
"(178, 28, 129)",3035
"(201, 76, 201)",3036
"(224, 123, 23)",3037
"(247, 171, 94)",3038
"(20, 218, 166)",3039
"(43, 16, 238)",3040
"(67, 63, 60)",3041
"(90, 111, 132)",3042
"(113, 158, 203)",3043
"(136, 206, 25)",3044
"(159, 3, 97)",3045
"(182, 50, 169)",3046
"(205, 98, 241)",3047
"(228, 145, 62)",3048
"(2, 193, 134)",3049
"(25, 240, 206)",3050
"(48, 38, 28)",3051
"(71, 85, 100)",3052
"(94, 133, 171)",3053
"(117, 180, 243)",3054
"(140, 228, 65)",3055
"(163, 25, 137)",3056
"(187, 72, 208)",3057
"(210, 120, 30)",3058
"(233, 167, 102)",3059
"(6, 215, 174)",3060
"(29, 12, 246)",3061
"(52, 60, 67)",3062
"(75, 107, 139)",3063
"(98, 155, 211)",3064
"(121, 202, 33)",3065
"(145, 0, 105)",3066
"(168, 47, 176)",3067
"(191, 95, 248)",3068
"(214, 142, 70)",3069
"(237, 189, 142)",3070
"(10, 237, 214)",3071
"(33, 34, 35)",3072
"(56, 82, 107)",3073
"(80, 129, 179)",3074
"(103, 177, 1)",3075
"(126, 224, 72)",3076
"(149, 22, 144)",3077
"(172, 69, 216)",3078
"(195, 117, 38)",3079
"(218, 164, 110)",3080
"(241, 211, 181)",3081
"(15, 9, 3)",3082
"(38, 56, 75)",3083
"(61, 104, 147)",3084
"(84, 151, 219)",3085
"(107, 199, 40)",3086
"(130, 246, 112)",3087
"(153, 44, 184)",3088
"(176, 91, 6)",3089
"(200, 139, 78)",3090
"(223, 186, 149)",3091
"(246, 233, 221)",3092
"(19, 31, 43)",3093
"(42, 78, 115)",3094
"(65, 126, 186)",3095
"(88, 173, 8)",3096
"(111, 221, 80)",3097
"(135, 18, 152)",3098
"(158, 66, 224)",3099
"(181, 113, 45)",3100
"(204, 161, 117)",3101
"(227, 208, 189)",3102
"(0, 5, 11)",3103
"(23, 53, 83)",3104
"(46, 100, 154)",3105
"(70, 148, 226)",3106
"(93, 195, 48)",3107
"(116, 243, 120)",3108
"(139, 40, 192)",3109
"(162, 88, 13)",3110
"(185, 135, 85)",3111
"(208, 183, 157)",3112
"(231, 230, 229)",3113
"(5, 27, 50)",3114
"(28, 75, 122)",3115
"(51, 122, 194)",3116
"(74, 170, 16)",3117
"(97, 217, 88)",3118
"(120, 15, 159)",3119
"(143, 62, 231)",3120
"(166, 110, 53)",3121
"(190, 157, 125)",3122
"(213, 205, 197)",3123
"(236, 2, 18)",3124
"(9, 50, 90)",3125
"(32, 97, 162)",3126
"(55, 144, 234)",3127
"(78, 192, 55)",3128
"(101, 239, 127)",3129
"(124, 37, 199)",3130
"(148, 84, 21)",3131
"(171, 132, 93)",3132
"(194, 179, 164)",3133
"(217, 227, 236)",3134
"(240, 24, 58)",3135
"(13, 72, 130)",3136
"(36, 119, 202)",3137
"(59, 166, 23)",3138
"(83, 214, 95)",3139
"(106, 11, 167)",3140
"(129, 59, 239)",3141
"(152, 106, 61)",3142
"(175, 154, 132)",3143
"(198, 201, 204)",3144
"(221, 249, 26)",3145
"(244, 46, 98)",3146
"(18, 94, 169)",3147
"(41, 141, 241)",3148
"(64, 188, 63)",3149
"(87, 236, 135)",3150
"(110, 33, 207)",3151
"(133, 81, 28)",3152
"(156, 128, 100)",3153
"(179, 176, 172)",3154
"(203, 223, 244)",3155
"(226, 21, 66)",3156
"(249, 68, 137)",3157
"(22, 116, 209)",3158
"(45, 163, 31)",3159
"(68, 210, 103)",3160
"(91, 8, 175)",3161
"(114, 55, 246)",3162
"(138, 103, 68)",3163
"(161, 150, 140)",3164
"(184, 198, 212)",3165
"(207, 245, 33)",3166
"(230, 43, 105)",3167
"(3, 90, 177)",3168
"(26, 138, 249)",3169
"(49, 185, 71)",3170
"(73, 232, 142)",3171
"(96, 30, 214)",3172
"(119, 77, 36)",3173
"(142, 125, 108)",3174
"(165, 172, 180)",3175
"(188, 220, 1)",3176
"(211, 17, 73)",3177
"(234, 65, 145)",3178
"(8, 112, 217)",3179
"(31, 160, 39)",3180
"(54, 207, 110)",3181
"(77, 4, 182)",3182
"(100, 52, 4)",3183
"(123, 99, 76)",3184
"(146, 147, 147)",3185
"(169, 194, 219)",3186
"(193, 242, 41)",3187
"(216, 39, 113)",3188
"(239, 87, 185)",3189
"(12, 134, 6)",3190
"(35, 182, 78)",3191
"(58, 229, 150)",3192
"(81, 27, 222)",3193
"(104, 74, 44)",3194
"(127, 121, 115)",3195
"(151, 169, 187)",3196
"(174, 216, 9)",3197
"(197, 14, 81)",3198
"(220, 61, 153)",3199
"(243, 109, 224)",3200
"(16, 156, 46)",3201
"(39, 204, 118)",3202
"(62, 1, 190)",3203
"(86, 49, 11)",3204
"(109, 96, 83)",3205
"(132, 143, 155)",3206
"(155, 191, 227)",3207
"(178, 238, 49)",3208
"(201, 36, 120)",3209
"(224, 83, 192)",3210
"(247, 131, 14)",3211
"(21, 178, 86)",3212
"(44, 226, 158)",3213
"(67, 23, 229)",3214
"(90, 71, 51)",3215
"(113, 118, 123)",3216
"(136, 165, 195)",3217
"(159, 213, 17)",3218
"(182, 10, 88)",3219
"(206, 58, 160)",3220
"(229, 105, 232)",3221
"(2, 153, 54)",3222
"(25, 200, 125)",3223
"(48, 248, 197)",3224
"(71, 45, 19)",3225
"(94, 93, 91)",3226
"(117, 140, 163)",3227
"(141, 187, 234)",3228
"(164, 235, 56)",3229
"(187, 32, 128)",3230
"(210, 80, 200)",3231
"(233, 127, 22)",3232
"(6, 175, 93)",3233
"(29, 222, 165)",3234
"(52, 20, 237)",3235
"(76, 67, 59)",3236
"(99, 115, 130)",3237
"(122, 162, 202)",3238
"(145, 209, 24)",3239
"(168, 7, 96)",3240
"(191, 54, 168)",3241
"(214, 102, 239)",3242
"(237, 149, 61)",3243
"(11, 197, 133)",3244
"(34, 244, 205)",3245
"(57, 42, 27)",3246
"(80, 89, 98)",3247
"(103, 137, 170)",3248
"(126, 184, 242)",3249
"(149, 232, 64)",3250
"(172, 29, 136)",3251
"(195, 76, 207)",3252
"(219, 124, 29)",3253
"(242, 171, 101)",3254
"(15, 219, 173)",3255
"(38, 16, 244)",3256
"(61, 64, 66)",3257
"(84, 111, 138)",3258
"(107, 159, 210)",3259
"(130, 206, 32)",3260
"(154, 4, 103)",3261
"(177, 51, 175)",3262
"(200, 98, 247)",3263
"(223, 146, 69)",3264
"(246, 193, 141)",3265
"(19, 241, 212)",3266
"(42, 38, 34)",3267
"(65, 86, 106)",3268
"(89, 133, 178)",3269
"(112, 181, 0)",3270
"(135, 228, 71)",3271
"(158, 26, 143)",3272
"(181, 73, 215)",3273
"(204, 120, 37)",3274
"(227, 168, 108)",3275
"(0, 215, 180)",3276
"(24, 13, 2)",3277
"(47, 60, 74)",3278
"(70, 108, 146)",3279
"(93, 155, 217)",3280
"(116, 203, 39)",3281
"(139, 0, 111)",3282
"(162, 48, 183)",3283
"(185, 95, 5)",3284
"(209, 142, 76)",3285
"(232, 190, 148)",3286
"(5, 237, 220)",3287
"(28, 35, 42)",3288
"(51, 82, 114)",3289
"(74, 130, 185)",3290
"(97, 177, 7)",3291
"(120, 225, 79)",3292
"(144, 22, 151)",3293
"(167, 70, 222)",3294
"(190, 117, 44)",3295
"(213, 164, 116)",3296
"(236, 212, 188)",3297
"(9, 9, 10)",3298
"(32, 57, 81)",3299
"(55, 104, 153)",3300
"(79, 152, 225)",3301
"(102, 199, 47)",3302
"(125, 247, 119)",3303
"(148, 44, 190)",3304
"(171, 92, 12)",3305
"(194, 139, 84)",3306
"(217, 186, 156)",3307
"(240, 234, 228)",3308
"(14, 31, 49)",3309
"(37, 79, 121)",3310
"(60, 126, 193)",3311
"(83, 174, 15)",3312
"(106, 221, 86)",3313
"(129, 19, 158)",3314
"(152, 66, 230)",3315
"(175, 114, 52)",3316
"(198, 161, 124)",3317
"(222, 209, 195)",3318
"(245, 6, 17)",3319
"(18, 53, 89)",3320
"(41, 101, 161)",3321
"(64, 148, 233)",3322
"(87, 196, 54)",3323
"(110, 243, 126)",3324
"(133, 41, 198)",3325
"(157, 88, 20)",3326
"(180, 136, 92)",3327
"(203, 183, 163)",3328
"(226, 231, 235)",3329
"(249, 28, 57)",3330
"(22, 75, 129)",3331
"(45, 123, 200)",3332
"(68, 170, 22)",3333
"(92, 218, 94)",3334
"(115, 15, 166)",3335
"(138, 63, 238)",3336
"(161, 110, 59)",3337
"(184, 158, 131)",3338
"(207, 205, 203)",3339
"(230, 3, 25)",3340
"(3, 50, 97)",3341
"(27, 97, 168)",3342
"(50, 145, 240)",3343
"(73, 192, 62)",3344
"(96, 240, 134)",3345
"(119, 37, 205)",3346
"(142, 85, 27)",3347
"(165, 132, 99)",3348
"(188, 180, 171)",3349
"(212, 227, 243)",3350
"(235, 25, 64)",3351
"(8, 72, 136)",3352
"(31, 119, 208)",3353
"(54, 167, 30)",3354
"(77, 214, 102)",3355
"(100, 12, 173)",3356
"(123, 59, 245)",3357
"(147, 107, 67)",3358
"(170, 154, 139)",3359
"(193, 202, 211)",3360
"(216, 249, 32)",3361
"(239, 47, 104)",3362
"(12, 94, 176)",3363
"(35, 141, 248)",3364
"(58, 189, 69)",3365
"(82, 236, 141)",3366
"(105, 34, 213)",3367
"(128, 81, 35)",3368
"(151, 129, 107)",3369
"(174, 176, 178)",3370
"(197, 224, 0)",3371
"(220, 21, 72)",3372
"(243, 69, 144)",3373
"(17, 116, 216)",3374
"(40, 164, 37)",3375
"(63, 211, 109)",3376
"(86, 8, 181)",3377
"(109, 56, 3)",3378
"(132, 103, 75)",3379
"(155, 151, 146)",3380
"(178, 198, 218)",3381
"(201, 246, 40)",3382
"(225, 43, 112)",3383
"(248, 91, 183)",3384
"(21, 138, 5)",3385
"(44, 186, 77)",3386
"(67, 233, 149)",3387
"(90, 30, 221)",3388
"(113, 78, 42)",3389
"(136, 125, 114)",3390
"(160, 173, 186)",3391
"(183, 220, 8)",3392
"(206, 18, 80)",3393
"(229, 65, 151)",3394
"(2, 113, 223)",3395
"(25, 160, 45)",3396
"(48, 208, 117)",3397
"(71, 5, 189)",3398
"(95, 52, 10)",3399
"(118, 100, 82)",3400
"(141, 147, 154)",3401
"(164, 195, 226)",3402
"(187, 242, 47)",3403
"(210, 40, 119)",3404
"(233, 87, 191)",3405
"(6, 135, 13)",3406
"(30, 182, 85)",3407
"(53, 230, 156)",3408
"(76, 27, 228)",3409
"(99, 74, 50)",3410
"(122, 122, 122)",3411
"(145, 169, 194)",3412
"(168, 217, 15)",3413
"(191, 14, 87)",3414
"(215, 62, 159)",3415
"(238, 109, 231)",3416
"(11, 157, 53)",3417
"(34, 204, 124)",3418
"(57, 2, 196)",3419
"(80, 49, 18)",3420
"(103, 96, 90)",3421
"(126, 144, 161)",3422
"(150, 191, 233)",3423
"(173, 239, 55)",3424
"(196, 36, 127)",3425
"(219, 84, 199)",3426
"(242, 131, 20)",3427
"(15, 179, 92)",3428
"(38, 226, 164)",3429
"(61, 24, 236)",3430
"(85, 71, 58)",3431
"(108, 118, 129)",3432
"(131, 166, 201)",3433
"(154, 213, 23)",3434
"(177, 11, 95)",3435
"(200, 58, 167)",3436
"(223, 106, 238)",3437
"(246, 153, 60)",3438
"(19, 201, 132)",3439
"(43, 248, 204)",3440
"(66, 46, 25)",3441
"(89, 93, 97)",3442
"(112, 141, 169)",3443
"(135, 188, 241)",3444
"(158, 235, 63)",3445
"(181, 33, 134)",3446
"(204, 80, 206)",3447
"(228, 128, 28)",3448
"(1, 175, 100)",3449
"(24, 223, 172)",3450
"(47, 20, 243)",3451
"(70, 68, 65)",3452
"(93, 115, 137)",3453
"(116, 163, 209)",3454
"(139, 210, 30)",3455
"(163, 7, 102)",3456
"(186, 55, 174)",3457
"(209, 102, 246)",3458
"(232, 150, 68)",3459
"(5, 197, 139)",3460
"(28, 245, 211)",3461
"(51, 42, 33)",3462
"(74, 90, 105)",3463
"(98, 137, 177)",3464
"(121, 185, 248)",3465
"(144, 232, 70)",3466
"(167, 29, 142)",3467
"(190, 77, 214)",3468
"(213, 124, 36)",3469
"(236, 172, 107)",3470
"(9, 219, 179)",3471
"(33, 17, 1)",3472
"(56, 64, 73)",3473
"(79, 112, 144)",3474
"(102, 159, 216)",3475
"(125, 207, 38)",3476
"(148, 4, 110)",3477
"(171, 51, 182)",3478
"(194, 99, 3)",3479
"(218, 146, 75)",3480
"(241, 194, 147)",3481
"(14, 241, 219)",3482
"(37, 39, 41)",3483
"(60, 86, 112)",3484
"(83, 134, 184)",3485
"(106, 181, 6)",3486
"(129, 229, 78)",3487
"(153, 26, 150)",3488
"(176, 73, 221)",3489
"(199, 121, 43)",3490
"(222, 168, 115)",3491
"(245, 216, 187)",3492
"(18, 13, 8)",3493
"(41, 61, 80)",3494
"(64, 108, 152)",3495
"(88, 156, 224)",3496
"(111, 203, 46)",3497
"(134, 1, 117)",3498
"(157, 48, 189)",3499
"(180, 96, 11)",3500
"(203, 143, 83)",3501
"(226, 190, 155)",3502
"(249, 238, 226)",3503
"(22, 35, 48)",3504
"(46, 83, 120)",3505
"(69, 130, 192)",3506
"(92, 178, 14)",3507
"(115, 225, 85)",3508
"(138, 23, 157)",3509
"(161, 70, 229)",3510
"(184, 118, 51)",3511
"(207, 165, 122)",3512
"(231, 212, 194)",3513
"(4, 10, 16)",3514
"(27, 57, 88)",3515
"(50, 105, 160)",3516
"(73, 152, 231)",3517
"(96, 200, 53)",3518
"(119, 247, 125)",3519
"(142, 45, 197)",3520
"(166, 92, 19)",3521
"(189, 140, 90)",3522
"(212, 187, 162)",3523
"(235, 234, 234)",3524
"(8, 32, 56)",3525
"(31, 79, 128)",3526
"(54, 127, 199)",3527
"(77, 174, 21)",3528
"(101, 222, 93)",3529
"(124, 19, 165)",3530
"(147, 67, 236)",3531
"(170, 114, 58)",3532
"(193, 162, 130)",3533
"(216, 209, 202)",3534
"(239, 6, 24)",3535
"(12, 54, 95)",3536
"(36, 101, 167)",3537
"(59, 149, 239)",3538
"(82, 196, 61)",3539
"(105, 244, 133)",3540
"(128, 41, 204)",3541
"(151, 89, 26)",3542
"(174, 136, 98)",3543
"(197, 184, 170)",3544
"(221, 231, 242)",3545
"(244, 28, 63)",3546
"(17, 76, 135)",3547
"(40, 123, 207)",3548
"(63, 171, 29)",3549
"(86, 218, 100)",3550
"(109, 16, 172)",3551
"(132, 63, 244)",3552
"(156, 111, 66)",3553
"(179, 158, 138)",3554
"(202, 206, 209)",3555
"(225, 3, 31)",3556
"(248, 50, 103)",3557
"(21, 98, 175)",3558
"(44, 145, 247)",3559
"(67, 193, 68)",3560
"(91, 240, 140)",3561
"(114, 38, 212)",3562
"(137, 85, 34)",3563
"(160, 133, 105)",3564
"(183, 180, 177)",3565
"(206, 228, 249)",3566
"(229, 25, 71)",3567
"(2, 73, 143)",3568
"(25, 120, 214)",3569
"(49, 167, 36)",3570
"(72, 215, 108)",3571
"(95, 12, 180)",3572
"(118, 60, 2)",3573
"(141, 107, 73)",3574
"(164, 155, 145)",3575
"(187, 202, 217)",3576
"(210, 0, 39)",3577
"(234, 47, 111)",3578
"(7, 95, 182)",3579
"(30, 142, 4)",3580
"(53, 189, 76)",3581
"(76, 237, 148)",3582
"(99, 34, 219)",3583
"(122, 82, 41)",3584
"(145, 129, 113)",3585
"(169, 177, 185)",3586
"(192, 224, 7)",3587
"(215, 22, 78)",3588
"(238, 69, 150)",3589
"(11, 117, 222)",3590
"(34, 164, 44)",3591
"(57, 211, 116)",3592
"(80, 9, 187)",3593
"(104, 56, 9)",3594
"(127, 104, 81)",3595
"(150, 151, 153)",3596
"(173, 199, 225)",3597
"(196, 246, 46)",3598
"(219, 44, 118)",3599
"(242, 91, 190)",3600
"(15, 139, 12)",3601
"(39, 186, 83)",3602
"(62, 233, 155)",3603
"(85, 31, 227)",3604
"(108, 78, 49)",3605
"(131, 126, 121)",3606
"(154, 173, 192)",3607
"(177, 221, 14)",3608
"(200, 18, 86)",3609
"(224, 66, 158)",3610
"(247, 113, 230)",3611
"(20, 161, 51)",3612
"(43, 208, 123)",3613
"(66, 5, 195)",3614
"(89, 53, 17)",3615
"(112, 100, 89)",3616
"(135, 148, 160)",3617
"(159, 195, 232)",3618
"(182, 243, 54)",3619
"(205, 40, 126)",3620
"(228, 88, 197)",3621
"(1, 135, 19)",3622
"(24, 183, 91)",3623
"(47, 230, 163)",3624
"(70, 28, 235)",3625
"(93, 75, 56)",3626
"(117, 122, 128)",3627
"(140, 170, 200)",3628
"(163, 217, 22)",3629
"(186, 15, 94)",3630
"(209, 62, 165)",3631
"(232, 110, 237)",3632
"(5, 157, 59)",3633
"(28, 205, 131)",3634
"(52, 2, 203)",3635
"(75, 50, 24)",3636
"(98, 97, 96)",3637
"(121, 144, 168)",3638
"(144, 192, 240)",3639
"(167, 239, 61)",3640
"(190, 37, 133)",3641
"(213, 84, 205)",3642
"(237, 132, 27)",3643
"(10, 179, 99)",3644
"(33, 227, 170)",3645
"(56, 24, 242)",3646
"(79, 72, 64)",3647
"(102, 119, 136)",3648
"(125, 166, 208)",3649
"(148, 214, 29)",3650
"(172, 11, 101)",3651
"(195, 59, 173)",3652
"(218, 106, 245)",3653
"(241, 154, 67)",3654
"(14, 201, 138)",3655
"(37, 249, 210)",3656
"(60, 46, 32)",3657
"(83, 94, 104)",3658
"(107, 141, 175)",3659
"(130, 188, 247)",3660
"(153, 236, 69)",3661
"(176, 33, 141)",3662
"(199, 81, 213)",3663
"(222, 128, 34)",3664
"(245, 176, 106)",3665
"(18, 223, 178)",3666
"(42, 21, 0)",3667
"(65, 68, 72)",3668
"(88, 116, 143)",3669
"(111, 163, 215)",3670
"(134, 210, 37)",3671
"(157, 8, 109)",3672
"(180, 55, 180)",3673
"(203, 103, 2)",3674
"(227, 150, 74)",3675
"(0, 198, 146)",3676
"(23, 245, 218)",3677
"(46, 43, 39)",3678
"(69, 90, 111)",3679
"(92, 138, 183)",3680
"(115, 185, 5)",3681
"(138, 232, 77)",3682
"(162, 30, 148)",3683
"(185, 77, 220)",3684
"(208, 125, 42)",3685
"(231, 172, 114)",3686
"(4, 220, 186)",3687
"(27, 17, 7)",3688
"(50, 65, 79)",3689
"(73, 112, 151)",3690
"(96, 160, 223)",3691
"(120, 207, 44)",3692
"(143, 5, 116)",3693
"(166, 52, 188)",3694
"(189, 99, 10)",3695
"(212, 147, 82)",3696
"(235, 194, 153)",3697
"(8, 242, 225)",3698
"(31, 39, 47)",3699
"(55, 87, 119)",3700
"(78, 134, 191)",3701
"(101, 182, 12)",3702
"(124, 229, 84)",3703
"(147, 27, 156)",3704
"(170, 74, 228)",3705
"(193, 121, 50)",3706
"(216, 169, 121)",3707
"(240, 216, 193)",3708
"(13, 14, 15)",3709
"(36, 61, 87)",3710
"(59, 109, 158)",3711
"(82, 156, 230)",3712
"(105, 204, 52)",3713
"(128, 1, 124)",3714
"(151, 49, 196)",3715
"(175, 96, 17)",3716
"(198, 143, 89)",3717
"(221, 191, 161)",3718
"(244, 238, 233)",3719
"(17, 36, 55)",3720
"(40, 83, 126)",3721
"(63, 131, 198)",3722
"(86, 178, 20)",3723
"(110, 226, 92)",3724
"(133, 23, 164)",3725
"(156, 71, 235)",3726
"(179, 118, 57)",3727
"(202, 165, 129)",3728
"(225, 213, 201)",3729
"(248, 10, 22)",3730
"(21, 58, 94)",3731
"(45, 105, 166)",3732
"(68, 153, 238)",3733
"(91, 200, 60)",3734
"(114, 248, 131)",3735
"(137, 45, 203)",3736
"(160, 93, 25)",3737
"(183, 140, 97)",3738
"(206, 187, 169)",3739
"(230, 235, 240)",3740
"(3, 32, 62)",3741
"(26, 80, 134)",3742
"(49, 127, 206)",3743
"(72, 175, 28)",3744
"(95, 222, 99)",3745
"(118, 20, 171)",3746
"(141, 67, 243)",3747
"(165, 115, 65)",3748
"(188, 162, 136)",3749
"(211, 210, 208)",3750
"(234, 7, 30)",3751
"(7, 54, 102)",3752
"(30, 102, 174)",3753
"(53, 149, 245)",3754
"(76, 197, 67)",3755
"(99, 244, 139)",3756
"(123, 42, 211)",3757
"(146, 89, 33)",3758
"(169, 137, 104)",3759
"(192, 184, 176)",3760
"(215, 232, 248)",3761
"(238, 29, 70)",3762
"(11, 76, 142)",3763
"(34, 124, 213)",3764
"(58, 171, 35)",3765
"(81, 219, 107)",3766
"(104, 16, 179)",3767
"(127, 64, 0)",3768
"(150, 111, 72)",3769
"(173, 159, 144)",3770
"(196, 206, 216)",3771
"(219, 4, 38)",3772
"(243, 51, 109)",3773
"(16, 98, 181)",3774
"(39, 146, 3)",3775
"(62, 193, 75)",3776
"(85, 241, 147)",3777
"(108, 38, 218)",3778
"(131, 86, 40)",3779
"(154, 133, 112)",3780
"(178, 181, 184)",3781
"(201, 228, 5)",3782
"(224, 26, 77)",3783
"(247, 73, 149)",3784
"(20, 120, 221)",3785
"(43, 168, 43)",3786
"(66, 215, 114)",3787
"(89, 13, 186)",3788
"(113, 60, 8)",3789
"(136, 108, 80)",3790
"(159, 155, 152)",3791
"(182, 203, 223)",3792
"(205, 0, 45)",3793
"(228, 48, 117)",3794
"(1, 95, 189)",3795
"(24, 142, 11)",3796
"(48, 190, 82)",3797
"(71, 237, 154)",3798
"(94, 35, 226)",3799
"(117, 82, 48)",3800
"(140, 130, 119)",3801
"(163, 177, 191)",3802
"(186, 225, 13)",3803
"(209, 22, 85)",3804
"(233, 70, 157)",3805
"(6, 117, 228)",3806
"(29, 164, 50)",3807
"(52, 212, 122)",3808
"(75, 9, 194)",3809
"(98, 57, 16)",3810
"(121, 104, 87)",3811
"(144, 152, 159)",3812
"(167, 199, 231)",3813
"(191, 247, 53)",3814
"(214, 44, 125)",3815
"(237, 92, 196)",3816
"(10, 139, 18)",3817
"(33, 187, 90)",3818
"(56, 234, 162)",3819
"(79, 31, 233)",3820
"(102, 79, 55)",3821
"(126, 126, 127)",3822
"(149, 174, 199)",3823
"(172, 221, 21)",3824
"(195, 19, 92)",3825
"(218, 66, 164)",3826
"(241, 114, 236)",3827
"(14, 161, 58)",3828
"(37, 209, 130)",3829
"(61, 6, 201)",3830
"(84, 53, 23)",3831
"(107, 101, 95)",3832
"(130, 148, 167)",3833
"(153, 196, 239)",3834
"(176, 243, 60)",3835
"(199, 41, 132)",3836
"(222, 88, 204)",3837
"(246, 136, 26)",3838
"(19, 183, 97)",3839
"(42, 231, 169)",3840
"(65, 28, 241)",3841
"(88, 75, 63)",3842
"(111, 123, 135)",3843
"(134, 170, 206)",3844
"(157, 218, 28)",3845
"(181, 15, 100)",3846
"(204, 63, 172)",3847
"(227, 110, 244)",3848
"(0, 158, 65)",3849
"(23, 205, 137)",3850
"(46, 3, 209)",3851
"(69, 50, 31)",3852
"(92, 97, 103)",3853
"(116, 145, 174)",3854
"(139, 192, 246)",3855
"(162, 240, 68)",3856
"(185, 37, 140)",3857
"(208, 85, 211)",3858
"(231, 132, 33)",3859
"(4, 180, 105)",3860
"(27, 227, 177)",3861
"(51, 25, 249)",3862
"(74, 72, 70)",3863
"(97, 119, 142)",3864
"(120, 167, 214)",3865
"(143, 214, 36)",3866
"(166, 12, 108)",3867
"(189, 59, 179)",3868
"(212, 107, 1)",3869
"(236, 154, 73)",3870
"(9, 202, 145)",3871
"(32, 249, 217)",3872
"(55, 47, 38)",3873
"(78, 94, 110)",3874
"(101, 142, 182)",3875
"(124, 189, 4)",3876
"(147, 236, 75)",3877
"(170, 34, 147)",3878
"(194, 81, 219)",3879
"(217, 129, 41)",3880
"(240, 176, 113)",3881
"(13, 224, 184)",3882
"(36, 21, 6)",3883
"(59, 69, 78)",3884
"(82, 116, 150)",3885
"(105, 164, 222)",3886
"(129, 211, 43)",3887
"(152, 8, 115)",3888
"(175, 56, 187)",3889
"(198, 103, 9)",3890
"(221, 151, 80)",3891
"(244, 198, 152)",3892
"(17, 246, 224)",3893
"(40, 43, 46)",3894
"(64, 91, 118)",3895
"(87, 138, 189)",3896
"(110, 186, 11)",3897
"(133, 233, 83)",3898
"(156, 30, 155)",3899
"(179, 78, 227)",3900
"(202, 125, 48)",3901
"(225, 173, 120)",3902
"(249, 220, 192)",3903
"(22, 18, 14)",3904
"(45, 65, 86)",3905
"(68, 113, 157)",3906
"(91, 160, 229)",3907
"(114, 208, 51)",3908
"(137, 5, 123)",3909
"(160, 52, 194)",3910
"(184, 100, 16)",3911
"(207, 147, 88)",3912
"(230, 195, 160)",3913
"(3, 242, 232)",3914
"(26, 40, 53)",3915
"(49, 87, 125)",3916
"(72, 135, 197)",3917
"(95, 182, 19)",3918
"(119, 230, 91)",3919
"(142, 27, 162)",3920
"(165, 74, 234)",3921
"(188, 122, 56)",3922
"(211, 169, 128)",3923
"(234, 217, 200)",3924
"(7, 14, 21)",3925
"(30, 62, 93)",3926
"(54, 109, 165)",3927
"(77, 157, 237)",3928
"(100, 204, 58)",3929
"(123, 2, 130)",3930
"(146, 49, 202)",3931
"(169, 96, 24)",3932
"(192, 144, 96)",3933
"(215, 191, 167)",3934
"(239, 239, 239)",3935
"(12, 36, 61)",3936
"(35, 84, 133)",3937
"(58, 131, 205)",3938
"(81, 179, 26)",3939
"(104, 226, 98)",3940
"(127, 24, 170)",3941
"(150, 71, 242)",3942
"(173, 119, 64)",3943
"(197, 166, 135)",3944
"(220, 213, 207)",3945
"(243, 11, 29)",3946
"(16, 58, 101)",3947
"(39, 106, 172)",3948
"(62, 153, 244)",3949
"(85, 201, 66)",3950
"(108, 248, 138)",3951
"(132, 46, 210)",3952
"(155, 93, 31)",3953
"(178, 141, 103)",3954
"(201, 188, 175)",3955
"(224, 235, 247)",3956
"(247, 33, 69)",3957
"(20, 80, 140)",3958
"(43, 128, 212)",3959
"(67, 175, 34)",3960
"(90, 223, 106)",3961
"(113, 20, 178)",3962
"(136, 68, 249)",3963
"(159, 115, 71)",3964
"(182, 163, 143)",3965
"(205, 210, 215)",3966
"(228, 7, 36)",3967
"(2, 55, 108)",3968
"(25, 102, 180)",3969
"(48, 150, 2)",3970
"(71, 197, 74)",3971
"(94, 245, 145)",3972
"(117, 42, 217)",3973
"(140, 90, 39)",3974
"(163, 137, 111)",3975
"(187, 185, 183)",3976
"(210, 232, 4)",3977
"(233, 29, 76)",3978
"(6, 77, 148)",3979
"(29, 124, 220)",3980
"(52, 172, 42)",3981
"(75, 219, 113)",3982
"(98, 17, 185)",3983
"(122, 64, 7)",3984
"(145, 112, 79)",3985
"(168, 159, 150)",3986
"(191, 207, 222)",3987
"(214, 4, 44)",3988
"(237, 51, 116)",3989
"(10, 99, 188)",3990
"(33, 146, 9)",3991
"(57, 194, 81)",3992
"(80, 241, 153)",3993
"(103, 39, 225)",3994
"(126, 86, 47)",3995
"(149, 134, 118)",3996
"(172, 181, 190)",3997
"(195, 229, 12)",3998
"(218, 26, 84)",3999
