ID,hex
1,#172f47
2,#2e5e8f
3,#458ed7
4,#5cbd25
5,#73ed6c
6,#8a22b4
7,#a15202
8,#b8814a
9,#d0b192
10,#e7e0d9
11,#041627
12,#1b456f
13,#3274b7
14,#49a405
15,#60d34c
16,#770994
17,#8f38dc
18,#a6682a
19,#bd9771
20,#d4c7b9
21,#ebf607
22,#082c4f
23,#1f5b97
24,#368ade
25,#4eba2c
26,#65e974
27,#7c1fbc
28,#934e0a
29,#aa7e51
30,#c1ad99
31,#d8dde1
32,#ef122f
33,#0d4277
34,#2471be
35,#3ba00c
36,#52d054
37,#69059c
38,#8035e3
39,#976431
40,#ae9479
41,#c6c3c1
42,#ddf30f
43,#f42856
44,#11589e
45,#2887e6
46,#3fb634
47,#56e67c
48,#6d1bc3
49,#854b11
50,#9c7a59
51,#b3aaa1
52,#cad9e9
53,#e10f36
54,#f83e7e
55,#156ec6
56,#2c9d14
57,#44cc5b
58,#5b02a3
59,#7231eb
60,#896139
61,#a09081
62,#b7c0c8
63,#ceef16
64,#e5255e
65,#0254a6
66,#1a84ee
67,#31b33b
68,#48e383
69,#5f18cb
70,#764719
71,#8d7761
72,#a4a6a8
73,#bbd6f0
74,#d30b3e
75,#ea3b86
76,#076acd
77,#1e9a1b
78,#35c963
79,#4cf9ab
80,#632ef3
81,#7a5d40
82,#928d88
83,#a9bcd0
84,#c0ec1e
85,#d72166
86,#ee51ad
87,#0b80f5
88,#22b043
89,#39df8b
90,#5115d3
91,#684420
92,#7f7368
93,#96a3b0
94,#add2f8
95,#c40845
96,#db378d
97,#f267d5
98,#109623
99,#27c66b
100,#3ef5b2
101,#552b00
102,#6c5a48
103,#838990
104,#9ab9d8
105,#b1e825
106,#c91e6d
107,#e04db5
108,#f77d03
109,#14ac4b
110,#2bdc92
111,#4211da
112,#594128
113,#707070
114,#889fb7
115,#9fcf05
116,#b6044d
117,#cd3495
118,#e463dd
119,#01932a
120,#18c272
121,#2ff2ba
122,#472708
123,#5e5750
124,#758697
125,#8cb6df
126,#a3e52d
127,#ba1a75
128,#d14abc
129,#e8790a
130,#05a952
131,#1dd89a
132,#340ee2
133,#4b3d2f
134,#626d77
135,#799cbf
136,#90cc0d
137,#a70155
138,#be309c
139,#d660e4
140,#ed8f32
141,#0abf7a
142,#21eec2
143,#38240f
144,#4f5357
145,#66839f
146,#7db2e7
147,#95e234
148,#ac177c
149,#c346c4
150,#da7612
151,#f1a55a
152,#0ed5a1
153,#250ae9
154,#3c3a37
155,#54697f
156,#6b99c7
157,#82c814
158,#99f85c
159,#b02da4
160,#c75cec
161,#de8c3a
162,#f5bb81
163,#13ebc9
164,#2a2017
165,#41505f
166,#587fa6
167,#6fafee
168,#86de3c
169,#9d1484
170,#b443cc
171,#cc7219
172,#e3a261
173,#00d1a9
174,#1707f1
175,#2e363f
176,#456686
177,#5c95ce
178,#73c51c
179,#8bf464
180,#a22aac
181,#b959f3
182,#d08841
183,#e7b889
184,#04e7d1
185,#1b1d1e
186,#324c66
187,#4a7cae
188,#61abf6
189,#78db44
190,#8f108b
191,#a640d3
192,#bd6f21
193,#d49f69
194,#ebceb1
195,#0803f8
196,#203346
197,#37628e
198,#4e92d6
199,#65c124
200,#7cf16b
201,#9326b3
202,#aa5601
203,#c18549
204,#d9b590
205,#f0e4d8
206,#0d1926
207,#24496e
208,#3b78b6
209,#52a803
210,#69d74b
211,#800d93
212,#983cdb
213,#af6c29
214,#c69b70
215,#ddcbb8
216,#f40006
217,#112f4e
218,#285f96
219,#3f8edd
220,#57be2b
221,#6eed73
222,#8523bb
223,#9c5208
224,#b38250
225,#cab198
226,#e1e1e0
227,#f8162e
228,#164575
229,#2d75bd
230,#44a40b
231,#5bd453
232,#72099b
233,#8939e2
234,#a06830
235,#b79878
236,#cfc7c0
237,#e6f70d
238,#032c55
239,#1a5b9d
240,#318be5
241,#48ba33
242,#5fea7a
243,#761fc2
244,#8e4f10
245,#a57e58
246,#bcaea0
247,#d3dde7
248,#ea1335
249,#07427d
250,#1e72c5
251,#35a113
252,#4cd05a
253,#6406a2
254,#7b35ea
255,#926538
256,#a9947f
257,#c0c4c7
258,#d7f315
259,#ee295d
260,#0b58a5
261,#2388ec
262,#3ab73a
263,#51e682
264,#681cca
265,#7f4b18
266,#967b5f
267,#adaaa7
268,#c4daef
269,#dc0f3d
270,#f33f85
271,#106ecc
272,#279e1a
273,#3ecd62
274,#5502aa
275,#6c32f1
276,#83613f
277,#9b9187
278,#b2c0cf
279,#c9f01d
280,#e02564
281,#f755ac
282,#1484f4
283,#2bb442
284,#42e38a
285,#5a18d1
286,#71481f
287,#887767
288,#9fa7af
289,#b6d6f7
290,#cd0c44
291,#e43b8c
292,#016bd4
293,#199a22
294,#30ca69
295,#47f9b1
296,#5e2ef9
297,#755e47
298,#8c8d8f
299,#a3bdd6
300,#baec24
301,#d2226c
302,#e951b4
303,#068102
304,#1db049
305,#34e091
306,#4b15d9
307,#624427
308,#79746f
309,#91a3b6
310,#a8d304
311,#bf084c
312,#d63894
313,#ed67db
314,#0a9729
315,#21c671
316,#38f6b9
317,#4f2b07
318,#675b4e
319,#7e8a96
320,#95b9de
321,#ace92c
322,#c31e74
323,#da4ebb
324,#f17d09
325,#0ead51
326,#26dc99
327,#3d12e1
328,#54412e
329,#6b7176
330,#82a0be
331,#99cf0c
332,#b00553
333,#c7349b
334,#df64e3
335,#f69331
336,#13c379
337,#2af2c0
338,#41280e
339,#585756
340,#6f879e
341,#86b6e6
342,#9ee533
343,#b51b7b
344,#cc4ac3
345,#e37a11
346,#00a958
347,#17d9a0
348,#2e0ee8
349,#453e36
350,#5d6d7e
351,#749dc5
352,#8bcc13
353,#a2015b
354,#b931a3
355,#d060eb
356,#e79038
357,#04bf80
358,#1cefc8
359,#332416
360,#4a545e
361,#6183a5
362,#78b3ed
363,#8fe23b
364,#a61783
365,#bd47ca
366,#d57618
367,#eca660
368,#09d5a8
369,#200bf0
370,#373a3d
371,#4e6a85
372,#6599cd
373,#7cc91b
374,#94f863
375,#ab2eaa
376,#c25df2
377,#d98c40
378,#f0bc88
379,#0debd0
380,#24211d
381,#3b5065
382,#5280ad
383,#6aaff5
384,#81df42
385,#98148a
386,#af44d2
387,#c67320
388,#dda268
389,#f4d2af
390,#1107f7
391,#293745
392,#40668d
393,#5796d5
394,#6ec522
395,#85f56a
396,#9c2ab2
397,#b35a00
398,#ca8948
399,#e2b88f
400,#f9e8d7
401,#161d25
402,#2d4d6d
403,#447cb4
404,#5bac02
405,#72db4a
406,#891192
407,#a140da
408,#b87027
409,#cf9f6f
410,#e6ceb7
411,#030405
412,#1a334d
413,#316394
414,#4892dc
415,#60c22a
416,#77f172
417,#8e27ba
418,#a55607
419,#bc864f
420,#d3b597
421,#eae4df
422,#071a2c
423,#1f4974
424,#3679bc
425,#4da80a
426,#64d852
427,#7b0d99
428,#923de1
429,#a96c2f
430,#c09c77
431,#d8cbbf
432,#ef000c
433,#0c3054
434,#235f9c
435,#3a8fe4
436,#51be32
437,#68ee79
438,#7f23c1
439,#96530f
440,#ae8257
441,#c5b29e
442,#dce1e6
443,#f31734
444,#10467c
445,#2775c4
446,#3ea511
447,#55d459
448,#6d0aa1
449,#8439e9
450,#9b6937
451,#b2987e
452,#c9c8c6
453,#e0f714
454,#f72d5c
455,#145ca3
456,#2c8beb
457,#43bb39
458,#5aea81
459,#7120c9
460,#884f16
461,#9f7f5e
462,#b6aea6
463,#cddeee
464,#e5133c
465,#024383
466,#1972cb
467,#30a119
468,#47d161
469,#5e06a9
470,#7536f0
471,#8c653e
472,#a49586
473,#bbc4ce
474,#d2f41b
475,#e92963
476,#0659ab
477,#1d88f3
478,#34b741
479,#4be788
480,#631cd0
481,#7a4c1e
482,#917b66
483,#a8abae
484,#bfdaf5
485,#d61043
486,#ed3f8b
487,#0a6fd3
488,#229e21
489,#39cd68
490,#5003b0
491,#6732f8
492,#7e6246
493,#95918d
494,#acc1d5
495,#c3f023
496,#db266b
497,#f255b3
498,#0f8500
499,#26b448
500,#3de490
501,#5419d8
502,#6b4826
503,#82786d
504,#99a7b5
505,#b1d703
506,#c80c4b
507,#df3c93
508,#f66bda
509,#139b28
510,#2aca70
511,#4100b8
512,#582f05
513,#705e4d
514,#878e95
515,#9ebddd
516,#b5ed2b
517,#cc2272
518,#e352ba
519,#008108
520,#17b150
521,#2fe098
522,#4616df
523,#5d452d
524,#747475
525,#8ba4bd
526,#a2d30b
527,#b90952
528,#d0389a
529,#e868e2
530,#059730
531,#1cc777
532,#33f6bf
533,#4a2c0d
534,#615b55
535,#788a9d
536,#8fbae4
537,#a7e932
538,#be1f7a
539,#d54ec2
540,#ec7e10
541,#09ad57
542,#20dd9f
543,#3712e7
544,#4e4235
545,#66717d
546,#7da0c4
547,#94d012
548,#ab055a
549,#c235a2
550,#d964e9
551,#f09437
552,#0dc37f
553,#25f3c7
554,#3c2815
555,#53585c
556,#6a87a4
557,#81b6ec
558,#98e63a
559,#af1b82
560,#c64bc9
561,#de7a17
562,#f5aa5f
563,#12d9a7
564,#290fee
565,#403e3c
566,#576e84
567,#6e9dcc
568,#85cd1a
569,#9c0261
570,#b431a9
571,#cb61f1
572,#e2903f
573,#f9c087
574,#16efce
575,#2d251c
576,#445464
577,#5b84ac
578,#73b3f4
579,#8ae341
580,#a11889
581,#b847d1
582,#cf771f
583,#e6a666
584,#03d6ae
585,#1a0bf6
586,#323b44
587,#496a8c
588,#609ad3
589,#77c921
590,#8ef969
591,#a52eb1
592,#bc5df9
593,#d38d46
594,#ebbc8e
595,#08ecd6
596,#1f2124
597,#36516c
598,#4d80b3
599,#64b001
600,#7bdf49
601,#921591
602,#aa44d8
603,#c17326
604,#d8a36e
605,#efd2b6
606,#0c0804
607,#23374b
608,#3a6793
609,#5196db
610,#69c629
611,#80f571
612,#972bb8
613,#ae5a06
614,#c5894e
615,#dcb996
616,#f3e8de
617,#101e2b
618,#284d73
619,#3f7dbb
620,#56ac09
621,#6ddc50
622,#841198
623,#9b41e0
624,#b2702e
625,#c9a076
626,#e0cfbd
627,#f8040b
628,#153453
629,#2c639b
630,#4393e3
631,#5ac230
632,#71f278
633,#8827c0
634,#9f570e
635,#b78656
636,#ceb69d
637,#e5e5e5
638,#021a33
639,#194a7b
640,#3079c2
641,#47a910
642,#5ed858
643,#760ea0
644,#8d3de8
645,#a46d35
646,#bb9c7d
647,#d2ccc5
648,#e90113
649,#06305b
650,#1d60a2
651,#358fea
652,#4cbf38
653,#63ee80
654,#7a24c8
655,#915315
656,#a8835d
657,#bfb2a5
658,#d6e2ed
659,#ee173a
660,#0b4682
661,#2276ca
662,#39a518
663,#50d560
664,#670aa7
665,#7e3aef
666,#95693d
667,#ad9985
668,#c4c8cd
669,#dbf81a
670,#f22d62
671,#0f5caa
672,#268cf2
673,#3dbb3f
674,#54eb87
675,#6c20cf
676,#83501d
677,#9a7f65
678,#b1afac
679,#c8def4
680,#df1442
681,#f6438a
682,#1372d2
683,#2ba21f
684,#42d167
685,#5907af
686,#7036f7
687,#876645
688,#9e958c
689,#b5c5d4
690,#ccf422
691,#e32a6a
692,#0159b1
693,#1889f9
694,#2fb847
695,#46e78f
696,#5d1dd7
697,#744c24
698,#8b7c6c
699,#a2abb4
700,#badb02
701,#d1104a
702,#e84091
703,#056fd9
704,#1c9f27
705,#33ce6f
706,#4a03b7
707,#613304
708,#79624c
709,#909294
710,#a7c1dc
711,#bef129
712,#d52671
713,#ec56b9
714,#098507
715,#20b54f
716,#38e496
717,#4f19de
718,#66492c
719,#7d7874
720,#94a8bc
721,#abd709
722,#c20d51
723,#d93c99
724,#f16ce1
725,#0e9b2f
726,#25cb76
727,#3c00be
728,#532f0c
729,#6a5f54
730,#818e9b
731,#98bee3
732,#b0ed31
733,#c72379
734,#de52c1
735,#f5820e
736,#12b156
737,#29e19e
738,#4016e6
739,#574534
740,#6f757b
741,#86a4c3
742,#9dd411
743,#b40959
744,#cb39a1
745,#e268e8
746,#f99836
747,#16c77e
748,#2ef7c6
749,#452c13
750,#5c5c5b
751,#738ba3
752,#8abaeb
753,#a1ea39
754,#b81f80
755,#cf4fc8
756,#e67e16
757,#04ae5e
758,#1bdda6
759,#3213ed
760,#49423b
761,#607283
762,#77a1cb
763,#8ed019
764,#a50660
765,#bd35a8
766,#d465f0
767,#eb943e
768,#08c485
769,#1ff3cd
770,#36291b
771,#4d5863
772,#6488ab
773,#7cb7f2
774,#93e640
775,#aa1c88
776,#c14bd0
777,#d87b1e
778,#efaa65
779,#0cdaad
780,#230ff5
781,#3b3f43
782,#526e8a
783,#699ed2
784,#80cd20
785,#970268
786,#ae32b0
787,#c561f7
788,#dc9145
789,#f4c08d
790,#11f0d5
791,#282523
792,#3f556a
793,#5684b2
794,#6db400
795,#84e348
796,#9b1890
797,#b348d7
798,#ca7725
799,#e1a76d
800,#f8d6b5
801,#150c02
802,#2c3b4a
803,#436b92
804,#5a9ada
805,#72ca28
806,#89f96f
807,#a02eb7
808,#b75e05
809,#ce8d4d
810,#e5bd95
811,#02ecdc
812,#19222a
813,#305172
814,#4881ba
815,#5fb008
816,#76e04f
817,#8d1597
818,#a445df
819,#bb742d
820,#d2a374
821,#e9d3bc
822,#07080a
823,#1e3852
824,#35679a
825,#4c97e1
826,#63c62f
827,#7af677
828,#912bbf
829,#a85b0d
830,#c08a54
831,#d7b99c
832,#eee9e4
833,#0b1e32
834,#224e7a
835,#397dc1
836,#50ad0f
837,#67dc57
838,#7f129f
839,#9641e6
840,#ad7134
841,#c4a07c
842,#dbcfc4
843,#f20512
844,#0f3459
845,#2664a1
846,#3e93e9
847,#55c337
848,#6cf27f
849,#8328c6
850,#9a5714
851,#b1875c
852,#c8b6a4
853,#dfe5ec
854,#f71b39
855,#144a81
856,#2b7ac9
857,#42a917
858,#59d95e
859,#700ea6
860,#873eee
861,#9e6d3c
862,#b69d84
863,#cdcccb
864,#e40119
865,#013161
866,#1860a9
867,#2f90f1
868,#46bf3e
869,#5def86
870,#7524ce
871,#8c541c
872,#a38364
873,#bab3ab
874,#d1e2f3
875,#e81841
876,#054789
877,#1c76d0
878,#33a61e
879,#4bd566
880,#620bae
881,#793af6
882,#906a43
883,#a7998b
884,#bec9d3
885,#d5f821
886,#ec2e69
887,#0a5db0
888,#218cf8
889,#38bc46
890,#4feb8e
891,#6621d5
892,#7d5023
893,#94806b
894,#abafb3
895,#c3df01
896,#da1448
897,#f14490
898,#0e73d8
899,#25a226
900,#3cd26e
901,#5307b5
902,#6a3703
903,#82664b
904,#999693
905,#b0c5db
906,#c7f528
907,#de2a70
908,#f55ab8
909,#128906
910,#29b84d
911,#41e895
912,#581ddd
913,#6f4d2b
914,#867c73
915,#9dacba
916,#b4db08
917,#cb1150
918,#e24098
919,#0070e0
920,#179f2d
921,#2ece75
922,#4504bd
923,#5c330b
924,#736353
925,#8a929a
926,#a1c2e2
927,#b9f130
928,#d02778
929,#e756bf
930,#04860d
931,#1bb555
932,#32e49d
933,#491ae5
934,#604932
935,#78797a
936,#8fa8c2
937,#a6d810
938,#bd0d58
939,#d43d9f
940,#eb6ce7
941,#089c35
942,#1fcb7d
943,#3601c5
944,#4e3012
945,#655f5a
946,#7c8fa2
947,#93beea
948,#aaee37
949,#c1237f
950,#d853c7
951,#ef8215
952,#0db25d
953,#24e1a4
954,#3b17ec
955,#52463a
956,#697582
957,#80a5ca
958,#97d417
959,#ae0a5f
960,#c639a7
961,#dd69ef
962,#f4983d
963,#11c884
964,#28f7cc
965,#3f2d1a
966,#565c62
967,#6d8ba9
968,#85bbf1
969,#9cea3f
970,#b32087
971,#ca4fcf
972,#e17f1c
973,#f8ae64
974,#15deac
975,#2c13f4
976,#444342
977,#5b7289
978,#72a1d1
979,#89d11f
980,#a00667
981,#b736af
982,#ce65f6
983,#e59544
984,#03c48c
985,#1af4d4
986,#312921
987,#485969
988,#5f88b1
989,#76b7f9
990,#8de747
991,#a41c8e
992,#bc4cd6
993,#d37b24
994,#eaab6c
995,#07dab4
996,#1e1001
997,#353f49
998,#4c6f91
999,#639ed9
1000,#7bce27
1001,#92036e
1002,#a932b6
1003,#c06204
1004,#d7914c
1005,#eec193
1006,#0bf0db
1007,#222629
1008,#395571
1009,#5185b9
1010,#68b406
1011,#7fe44e
1012,#961996
1013,#ad48de
1014,#c4782c
1015,#dba773
1016,#f2d7bb
1017,#100c09
1018,#273c51
1019,#3e6b98
1020,#559be0
1021,#6cca2e
1022,#830076
1023,#9a2fbe
1024,#b15e0b
1025,#c98e53
1026,#e0bd9b
1027,#f7ede3
1028,#142231
1029,#2b5278
1030,#4281c0
1031,#59b10e
1032,#70e056
1033,#88169e
1034,#9f45e5
1035,#b67433
1036,#cda47b
1037,#e4d3c3
1038,#010910
1039,#183858
1040,#2f68a0
1041,#4797e8
1042,#5ec736
1043,#75f67d
1044,#8c2cc5
1045,#a35b13
1046,#ba8a5b
1047,#d1baa3
1048,#e8e9ea
1049,#061f38
1050,#1d4e80
1051,#347ec8
1052,#4bad16
1053,#62dd5d
1054,#7912a5
1055,#9042ed
1056,#a7713b
1057,#bfa082
1058,#d6d0ca
1059,#ed0518
1060,#0a3560
1061,#2164a8
1062,#3894ef
1063,#4fc33d
1064,#66f385
1065,#7d28cd
1066,#95581b
1067,#ac8762
1068,#c3b7aa
1069,#dae6f2
1070,#f11b40
1071,#0e4b88
1072,#257acf
1073,#3caa1d
1074,#54d965
1075,#6b0fad
1076,#823ef4
1077,#996e42
1078,#b09d8a
1079,#c7cdd2
1080,#de0220
1081,#f53167
1082,#1361af
1083,#2a90f7
1084,#41c045
1085,#58ef8d
1086,#6f25d4
1087,#865422
1088,#9d846a
1089,#b4b3b2
1090,#cce300
1091,#e31847
1092,#00478f
1093,#1777d7
1094,#2ea625
1095,#45d66c
1096,#5c0bb4
1097,#733b02
1098,#8b6a4a
1099,#a29a92
1100,#b9c9d9
1101,#d0f927
1102,#e72e6f
1103,#045db7
1104,#1b8d05
1105,#32bc4c
1106,#4aec94
1107,#6121dc
1108,#78512a
1109,#8f8072
1110,#a6b0b9
1111,#bddf07
1112,#d4154f
1113,#eb4497
1114,#0973de
1115,#20a32c
1116,#37d274
1117,#4e08bc
1118,#65370a
1119,#7c6751
1120,#939699
1121,#aac6e1
1122,#c2f52f
1123,#d92b77
1124,#f05abe
1125,#0d8a0c
1126,#24b954
1127,#3be89c
1128,#521ee3
1129,#694d31
1130,#807d79
1131,#98acc1
1132,#afdc0f
1133,#c61156
1134,#dd419e
1135,#f470e6
1136,#11a034
1137,#28cf7c
1138,#3f04c3
1139,#573411
1140,#6e6359
1141,#8593a1
1142,#9cc2e9
1143,#b3f236
1144,#ca277e
1145,#e157c6
1146,#f88614
1147,#16b65b
1148,#2de5a3
1149,#441aeb
1150,#5b4a39
1151,#727981
1152,#89a9c8
1153,#a0d816
1154,#b70e5e
1155,#cf3da6
1156,#e66dee
1157,#039c3b
1158,#1acc83
1159,#3101cb
1160,#483019
1161,#5f6061
1162,#768fa8
1163,#8ebff0
1164,#a5ee3e
1165,#bc2486
1166,#d353cd
1167,#ea831b
1168,#07b263
1169,#1ee2ab
1170,#3517f3
1171,#4d4640
1172,#647688
1173,#7ba5d0
1174,#92d51e
1175,#a90a66
1176,#c03aad
1177,#d769f5
1178,#ee9943
1179,#0cc88b
1180,#23f8d3
1181,#3a2d20
1182,#515c68
1183,#688cb0
1184,#7fbbf8
1185,#96eb45
1186,#ad208d
1187,#c550d5
1188,#dc7f23
1189,#f3af6b
1190,#10deb2
1191,#271400
1192,#3e4348
1193,#557390
1194,#6ca2d8
1195,#83d125
1196,#9b076d
1197,#b236b5
1198,#c96603
1199,#e0954b
1200,#f7c592
1201,#14f4da
1202,#2b2a28
1203,#425970
1204,#5a89b7
1205,#71b805
1206,#88e74d
1207,#9f1d95
1208,#b64cdd
1209,#cd7c2a
1210,#e4ab72
1211,#01dbba
1212,#191008
1213,#304050
1214,#476f97
1215,#5e9fdf
1216,#75ce2d
1217,#8c0375
1218,#a333bd
1219,#ba620a
1220,#d29252
1221,#e9c19a
1222,#06f1e2
1223,#1d262f
1224,#345677
1225,#4b85bf
1226,#62b50d
1227,#79e455
1228,#91199c
1229,#a849e4
1230,#bf7832
1231,#d6a87a
1232,#edd7c2
1233,#0a0d0f
1234,#213c57
1235,#386c9f
1236,#509be7
1237,#67cb34
1238,#7e007c
1239,#952fc4
1240,#ac5f12
1241,#c38e5a
1242,#dabea1
1243,#f1ede9
1244,#0f2337
1245,#26527f
1246,#3d82c7
1247,#54b114
1248,#6be15c
1249,#8216a4
1250,#9946ec
1251,#b0753a
1252,#c7a481
1253,#dfd4c9
1254,#f60917
1255,#13395f
1256,#2a68a6
1257,#4198ee
1258,#58c73c
1259,#6ff784
1260,#862ccc
1261,#9e5c19
1262,#b58b61
1263,#ccbaa9
1264,#e3eaf1
1265,#001f3f
1266,#174f86
1267,#2e7ece
1268,#45ae1c
1269,#5ddd64
1270,#7413ac
1271,#8b42f3
1272,#a27241
1273,#b9a189
1274,#d0d0d1
1275,#e7061e
1276,#043566
1277,#1c65ae
1278,#3394f6
1279,#4ac444
1280,#61f38b
1281,#7829d3
1282,#8f5821
1283,#a68869
1284,#bdb7b1
1285,#d5e6f8
1286,#ec1c46
1287,#094b8e
1288,#207bd6
1289,#37aa24
1290,#4eda6b
1291,#650fb3
1292,#7c3f01
1293,#946e49
1294,#ab9e90
1295,#c2cdd8
1296,#d90226
1297,#f0326e
1298,#0d61b6
1299,#249103
1300,#3bc04b
1301,#53f093
1302,#6a25db
1303,#815529
1304,#988470
1305,#afb4b8
1306,#c6e306
1307,#dd184e
1308,#f44896
1309,#1277dd
1310,#29a72b
1311,#40d673
1312,#570cbb
1313,#6e3b08
1314,#856b50
1315,#9c9a98
1316,#b3cae0
1317,#caf92e
1318,#e22f75
1319,#f95ebd
1320,#168d0b
1321,#2dbd53
1322,#44ec9b
1323,#5b22e2
1324,#725130
1325,#898178
1326,#a1b0c0
1327,#b8e00e
1328,#cf1555
1329,#e6459d
1330,#0374e5
1331,#1aa333
1332,#31d37a
1333,#4808c2
1334,#603810
1335,#776758
1336,#8e97a0
1337,#a5c6e7
1338,#bcf635
1339,#d32b7d
1340,#ea5bc5
1341,#078a13
1342,#1fb95a
1343,#36e9a2
1344,#4d1eea
1345,#644e38
1346,#7b7d7f
1347,#92adc7
1348,#a9dc15
1349,#c0125d
1350,#d841a5
1351,#ef71ec
1352,#0ca03a
1353,#23cf82
1354,#3a05ca
1355,#513418
1356,#68645f
1357,#7f93a7
1358,#97c3ef
1359,#aef23d
1360,#c52885
1361,#dc57cc
1362,#f3871a
1363,#10b662
1364,#27e5aa
1365,#3e1bf1
1366,#564a3f
1367,#6d7a87
1368,#84a9cf
1369,#9bd91d
1370,#b20e64
1371,#c93eac
1372,#e06df4
1373,#f79d42
1374,#15cc8a
1375,#2c02d1
1376,#43311f
1377,#5a6067
1378,#7190af
1379,#88bff7
1380,#9fef44
1381,#b6248c
1382,#cd54d4
1383,#e58322
1384,#02b369
1385,#19e2b1
1386,#3018f9
1387,#474747
1388,#5e768f
1389,#75a6d6
1390,#8cd524
1391,#a40b6c
1392,#bb3ab4
1393,#d26a02
1394,#e99949
1395,#06c991
1396,#1df8d9
1397,#342e27
1398,#4b5d6f
1399,#638cb6
1400,#7abc04
1401,#91eb4c
1402,#a82194
1403,#bf50db
1404,#d68029
1405,#edaf71
1406,#0adfb9
1407,#221407
1408,#39444e
1409,#507396
1410,#67a2de
1411,#7ed22c
1412,#950774
1413,#ac37bb
1414,#c36609
1415,#db9651
1416,#f2c599
1417,#0ff5e1
1418,#262a2e
1419,#3d5a76
1420,#5489be
1421,#6bb80c
1422,#82e853
1423,#9a1d9b
1424,#b14de3
1425,#c87c31
1426,#dfac79
1427,#f6dbc0
1428,#13110e
1429,#2a4056
1430,#41709e
1431,#599fe6
1432,#70ce33
1433,#87047b
1434,#9e33c3
1435,#b56311
1436,#cc9259
1437,#e3c2a0
1438,#00f1e8
1439,#172736
1440,#2f567e
1441,#4686c5
1442,#5db513
1443,#74e55b
1444,#8b1aa3
1445,#a249eb
1446,#b97938
1447,#d0a880
1448,#e8d8c8
1449,#050d16
1450,#1c3d5e
1451,#336ca5
1452,#4a9ced
1453,#61cb3b
1454,#780183
1455,#8f30ca
1456,#a75f18
1457,#be8f60
1458,#d5bea8
1459,#eceef0
1460,#09233d
1461,#205385
1462,#3782cd
1463,#4eb21b
1464,#66e163
1465,#7d17aa
1466,#9446f2
1467,#ab7540
1468,#c2a588
1469,#d9d4d0
1470,#f00a1d
1471,#0d3965
1472,#2569ad
1473,#3c98f5
1474,#53c842
1475,#6af78a
1476,#812dd2
1477,#985c20
1478,#af8b68
1479,#c6bbaf
1480,#deeaf7
1481,#f52045
1482,#124f8d
1483,#297fd5
1484,#40ae22
1485,#57de6a
1486,#6e13b2
1487,#854300
1488,#9d7248
1489,#b4a18f
1490,#cbd1d7
1491,#e20625
1492,#f9366d
1493,#1665b4
1494,#2d9502
1495,#44c44a
1496,#5cf492
1497,#7329da
1498,#8a5927
1499,#a1886f
1500,#b8b8b7
1501,#cfe705
1502,#e61c4d
1503,#034c94
1504,#1a7bdc
1505,#32ab2a
1506,#49da72
1507,#6010ba
1508,#773f07
1509,#8e6f4f
1510,#a59e97
1511,#bccedf
1512,#d3032c
1513,#eb3274
1514,#0862bc
1515,#1f910a
1516,#36c152
1517,#4df099
1518,#6426e1
1519,#7b552f
1520,#928577
1521,#aab4bf
1522,#c1e40c
1523,#d81954
1524,#ef489c
1525,#0c78e4
1526,#23a732
1527,#3ad779
1528,#510cc1
1529,#693c0f
1530,#806b57
1531,#979b9e
1532,#aecae6
1533,#c50034
1534,#dc2f7c
1535,#f35ec4
1536,#108e11
1537,#28bd59
1538,#3feda1
1539,#5622e9
1540,#6d5237
1541,#84817e
1542,#9bb1c6
1543,#b2e014
1544,#c9165c
1545,#e145a4
1546,#f874eb
1547,#15a439
1548,#2cd381
1549,#4309c9
1550,#5a3816
1551,#71685e
1552,#8897a6
1553,#a0c7ee
1554,#b7f63c
1555,#ce2c83
1556,#e55bcb
1557,#028a19
1558,#19ba61
1559,#30e9a9
1560,#471ff0
1561,#5f4e3e
1562,#767e86
1563,#8dadce
1564,#a4dd1b
1565,#bb1263
1566,#d242ab
1567,#e971f3
1568,#06a141
1569,#1dd088
1570,#3505d0
1571,#4c351e
1572,#636466
1573,#7a94ae
1574,#91c3f5
1575,#a8f343
1576,#bf288b
1577,#d658d3
1578,#ee8721
1579,#0bb768
1580,#22e6b0
1581,#391bf8
1582,#504b46
1583,#677a8d
1584,#7eaad5
1585,#95d923
1586,#ad0f6b
1587,#c43eb3
1588,#db6e00
1589,#f29d48
1590,#0fcd90
1591,#2602d8
1592,#3d3126
1593,#54616d
1594,#6c90b5
1595,#83c003
1596,#9aef4b
1597,#b12593
1598,#c854da
1599,#df8428
1600,#f6b370
1601,#13e3b8
1602,#2b1805
1603,#42474d
1604,#597795
1605,#70a6dd
1606,#87d62b
1607,#9e0b72
1608,#b53bba
1609,#cc6a08
1610,#e49a50
1611,#01c998
1612,#18f9df
1613,#2f2e2d
1614,#465d75
1615,#5d8dbd
1616,#74bc0b
1617,#8bec52
1618,#a3219a
1619,#ba51e2
1620,#d18030
1621,#e8b077
1622,#05dfbf
1623,#1c150d
1624,#334455
1625,#4a749d
1626,#61a3e4
1627,#79d232
1628,#90087a
1629,#a737c2
1630,#be6710
1631,#d59657
1632,#ecc69f
1633,#09f5e7
1634,#202b35
1635,#385a7d
1636,#4f8ac4
1637,#66b912
1638,#7de85a
1639,#941ea2
1640,#ab4de9
1641,#c27d37
1642,#d9ac7f
1643,#f1dcc7
1644,#0e1115
1645,#25415c
1646,#3c70a4
1647,#53a0ec
1648,#6acf3a
1649,#810482
1650,#9834c9
1651,#b06317
1652,#c7935f
1653,#dec2a7
1654,#f5f2ef
1655,#12273c
1656,#295784
1657,#4086cc
1658,#57b61a
1659,#6fe561
1660,#861aa9
1661,#9d4af1
1662,#b4793f
1663,#cba987
1664,#e2d8ce
1665,#f90e1c
1666,#163d64
1667,#2e6dac
1668,#459cf4
1669,#5ccc41
1670,#730189
1671,#8a30d1
1672,#a1601f
1673,#b88f66
1674,#cfbfae
1675,#e7eef6
1676,#042444
1677,#1b538c
1678,#3283d3
1679,#49b221
1680,#60e269
1681,#7717b1
1682,#8e46f9
1683,#a67646
1684,#bda58e
1685,#d4d5d6
1686,#eb0a24
1687,#083a6c
1688,#1f69b3
1689,#369901
1690,#4dc849
1691,#64f891
1692,#7c2dd8
1693,#935d26
1694,#aa8c6e
1695,#c1bbb6
1696,#d8eb04
1697,#ef204b
1698,#0c5093
1699,#237fdb
1700,#3baf29
1701,#52de71
1702,#6914b8
1703,#804306
1704,#97734e
1705,#aea296
1706,#c5d1de
1707,#dc072b
1708,#f43673
1709,#1166bb
1710,#289509
1711,#3fc550
1712,#56f498
1713,#6d2ae0
1714,#84592e
1715,#9b8976
1716,#b3b8bd
1717,#cae70b
1718,#e11d53
1719,#f84c9b
1720,#157ce3
1721,#2cab30
1722,#43db78
1723,#5a10c0
1724,#72400e
1725,#896f56
1726,#a09f9d
1727,#b7cee5
1728,#ce0333
1729,#e5337b
1730,#0262c2
1731,#199210
1732,#31c158
1733,#48f1a0
1734,#5f26e8
1735,#765635
1736,#8d857d
1737,#a4b5c5
1738,#bbe413
1739,#d2195b
1740,#ea49a2
1741,#0778ea
1742,#1ea838
1743,#35d780
1744,#4c0dc8
1745,#633c15
1746,#7a6c5d
1747,#919ba5
1748,#a9cbed
1749,#c0003a
1750,#d73082
1751,#ee5fca
1752,#0b8e18
1753,#22be60
1754,#39eda7
1755,#5023ef
1756,#67523d
1757,#7f8285
1758,#96b1cd
1759,#ade11a
1760,#c41662
1761,#db46aa
1762,#f275f2
1763,#0fa440
1764,#26d487
1765,#3e09cf
1766,#55391d
1767,#6c6865
1768,#8398ac
1769,#9ac7f4
1770,#b1f742
1771,#c82c8a
1772,#df5cd2
1773,#f78b1f
1774,#14ba67
1775,#2beaaf
1776,#421ff7
1777,#594f45
1778,#707e8c
1779,#87aed4
1780,#9edd22
1781,#b6136a
1782,#cd42b1
1783,#e472f9
1784,#01a147
1785,#18d08f
1786,#2f06d7
1787,#463524
1788,#5d656c
1789,#7594b4
1790,#8cc402
1791,#a3f34a
1792,#ba2991
1793,#d158d9
1794,#e88827
1795,#05b76f
1796,#1ce6b7
1797,#341c04
1798,#4b4b4c
1799,#627b94
1800,#79aadc
1801,#90da29
1802,#a70f71
1803,#be3fb9
1804,#d56e07
1805,#ed9e4f
1806,#0acd96
1807,#2102de
1808,#38322c
1809,#4f6174
1810,#6691bc
1811,#7dc009
1812,#94f051
1813,#ab2599
1814,#c355e1
1815,#da842f
1816,#f1b476
1817,#0ee3be
1818,#25190c
1819,#3c4854
1820,#53779b
1821,#6aa7e3
1822,#82d631
1823,#990c79
1824,#b03bc1
1825,#c76b0e
1826,#de9a56
1827,#f5ca9e
1828,#12f9e6
1829,#292f34
1830,#415e7b
1831,#588dc3
1832,#6fbd11
1833,#86ec59
1834,#9d22a1
1835,#b451e8
1836,#cb8136
1837,#e2b07e
1838,#00e0c6
1839,#171513
1840,#2e455b
1841,#4574a3
1842,#5ca3eb
1843,#73d339
1844,#8a0880
1845,#a138c8
1846,#b96716
1847,#d0975e
1848,#e7c6a6
1849,#04f6ed
1850,#1b2b3b
1851,#325b83
1852,#498acb
1853,#60b919
1854,#78e960
1855,#8f1ea8
1856,#a64ef0
1857,#bd7d3e
1858,#d4ad85
1859,#ebdccd
1860,#08121b
1861,#1f4163
1862,#3771ab
1863,#4ea0f2
1864,#65cf40
1865,#7c0588
1866,#9334d0
1867,#aa641e
1868,#c19365
1869,#d8c3ad
1870,#f0f2f5
1871,#0d2843
1872,#24578b
1873,#3b87d2
1874,#52b620
1875,#69e668
1876,#801bb0
1877,#974af7
1878,#ae7a45
1879,#c6a98d
1880,#ddd9d5
1881,#f40e23
1882,#113e6a
1883,#286db2
1884,#3f9d00
1885,#56cc48
1886,#6d0290
1887,#8531d7
1888,#9c6025
1889,#b3906d
1890,#cabfb5
1891,#e1ef02
1892,#f8244a
1893,#155492
1894,#2c83da
1895,#44b328
1896,#5be26f
1897,#7218b7
1898,#894705
1899,#a0764d
1900,#b7a695
1901,#ced5dc
1902,#e50b2a
1903,#033a72
1904,#1a6aba
1905,#319908
1906,#48c94f
1907,#5ff897
1908,#762edf
1909,#8d5d2d
1910,#a48c74
1911,#bcbcbc
1912,#d3eb0a
1913,#ea2152
1914,#07509a
1915,#1e80e1
1916,#35af2f
1917,#4cdf77
1918,#6314bf
1919,#7b440d
1920,#927354
1921,#a9a29c
1922,#c0d2e4
1923,#d70732
1924,#ee377a
1925,#0b66c1
1926,#22960f
1927,#3ac557
1928,#51f59f
1929,#682ae6
1930,#7f5a34
1931,#96897c
1932,#adb8c4
1933,#c4e812
1934,#db1d59
1935,#f34da1
1936,#107ce9
1937,#27ac37
1938,#3edb7f
1939,#5511c6
1940,#6c4014
1941,#83705c
1942,#9a9fa4
1943,#b1cfec
1944,#c90439
1945,#e03381
1946,#f763c9
1947,#149217
1948,#2bc25e
1949,#42f1a6
1950,#5927ee
1951,#70563c
1952,#888684
1953,#9fb5cb
1954,#b6e519
1955,#cd1a61
1956,#e449a9
1957,#0179f1
1958,#18a83e
1959,#2fd886
1960,#470dce
1961,#5e3d1c
1962,#756c64
1963,#8c9cab
1964,#a3cbf3
1965,#ba0141
1966,#d13089
1967,#e85fd0
1968,#068f1e
1969,#1dbe66
1970,#34eeae
1971,#4b23f6
1972,#625343
1973,#79828b
1974,#90b2d3
1975,#a7e121
1976,#bf1769
1977,#d646b0
1978,#ed75f8
1979,#0aa546
1980,#21d48e
1981,#380ad6
1982,#4f3923
1983,#66696b
1984,#7e98b3
1985,#95c801
1986,#acf748
1987,#c32d90
1988,#da5cd8
1989,#f18b26
1990,#0ebb6e
1991,#25eab5
1992,#3d2003
1993,#544f4b
1994,#6b7f93
1995,#82aedb
1996,#99de28
1997,#b01370
1998,#c743b8
1999,#de7206
2000,#f6a24e
2001,#13d195
2002,#2a06dd
2003,#41362b
2004,#586573
2005,#6f95ba
2006,#86c408
2007,#9df450
2008,#b42998
2009,#cc59e0
2010,#e3882d
2011,#00b875
2012,#17e7bd
2013,#2e1c0b
2014,#454c53
2015,#5c7b9a
2016,#73abe2
2017,#8bda30
2018,#a21078
2019,#b93fbf
2020,#d06f0d
2021,#e79e55
2022,#04ce9d
2023,#1b03e5
2024,#323232
2025,#4a627a
2026,#6191c2
2027,#78c110
2028,#8ff058
2029,#a6269f
2030,#bd55e7
2031,#d48535
2032,#ebb47d
2033,#09e4c5
2034,#201912
2035,#37485a
2036,#4e78a2
2037,#65a7ea
2038,#7cd737
2039,#930c7f
2040,#aa3cc7
2041,#c26b15
2042,#d99b5d
2043,#f0caa4
2044,#0d00ec
2045,#242f3a
2046,#3b5e82
2047,#528eca
2048,#69bd17
2049,#81ed5f
2050,#9822a7
2051,#af52ef
2052,#c6813d
2053,#ddb184
2054,#f4e0cc
2055,#11161a
2056,#284562
2057,#4074a9
2058,#57a4f1
2059,#6ed33f
2060,#850987
2061,#9c38cf
2062,#b3681c
2063,#ca9764
2064,#e1c7ac
2065,#f8f6f4
2066,#162c42
2067,#2d5b89
2068,#448bd1
2069,#5bba1f
2070,#72e967
2071,#891faf
2072,#a04ef6
2073,#b77e44
2074,#cfad8c
2075,#e6ddd4
2076,#031221
2077,#1a4269
2078,#3171b1
2079,#48a1f9
2080,#5fd047
2081,#76058e
2082,#8e35d6
2083,#a56424
2084,#bc946c
2085,#d3c3b4
2086,#eaf301
2087,#072849
2088,#1e5891
2089,#3587d9
2090,#4db727
2091,#64e66e
2092,#7b1bb6
2093,#924b04
2094,#a97a4c
2095,#c0aa93
2096,#d7d9db
2097,#ee0f29
2098,#0c3e71
2099,#236eb9
2100,#3a9d06
2101,#51cd4e
2102,#680296
2103,#7f31de
2104,#96612c
2105,#ad9073
2106,#c5c0bb
2107,#dcef09
2108,#f32551
2109,#105499
2110,#2784e0
2111,#3eb32e
2112,#55e376
2113,#6c18be
2114,#84470b
2115,#9b7753
2116,#b2a69b
2117,#c9d6e3
2118,#e00b31
2119,#f73b78
2120,#146ac0
2121,#2b9a0e
2122,#43c956
2123,#5af99e
2124,#712ee5
2125,#885e33
2126,#9f8d7b
2127,#b6bcc3
2128,#cdec10
2129,#e42158
2130,#0151a0
2131,#1980e8
2132,#30b036
2133,#47df7d
2134,#5e15c5
2135,#754413
2136,#8c745b
2137,#a3a3a3
2138,#bad2ea
2139,#d20838
2140,#e93780
2141,#0667c8
2142,#1d9616
2143,#34c65d
2144,#4bf5a5
2145,#622bed
2146,#795a3b
2147,#918a82
2148,#a8b9ca
2149,#bfe818
2150,#d61e60
2151,#ed4da8
2152,#0a7def
2153,#21ac3d
2154,#38dc85
2155,#5011cd
2156,#67411b
2157,#7e7062
2158,#95a0aa
2159,#accff2
2160,#c30440
2161,#da3488
2162,#f163cf
2163,#0f931d
2164,#26c265
2165,#3df2ad
2166,#5427f4
2167,#6b5742
2168,#82868a
2169,#99b6d2
2170,#b0e520
2171,#c81a67
2172,#df4aaf
2173,#f679f7
2174,#13a945
2175,#2ad88d
2176,#410ed4
2177,#583d22
2178,#6f6d6a
2179,#879cb2
2180,#9ecc00
2181,#b50147
2182,#cc308f
2183,#e360d7
2184,#008f25
2185,#17bf6c
2186,#2eeeb4
2187,#462402
2188,#5d534a
2189,#748392
2190,#8bb2d9
2191,#a2e227
2192,#b9176f
2193,#d047b7
2194,#e77605
2195,#04a54c
2196,#1cd594
2197,#330adc
2198,#4a3a2a
2199,#616972
2200,#7899b9
2201,#8fc807
2202,#a6f84f
2203,#bd2d97
2204,#d55dde
2205,#ec8c2c
2206,#09bb74
2207,#20ebbc
2208,#37200a
2209,#4e5051
2210,#657f99
2211,#7cafe1
2212,#94de2f
2213,#ab1477
2214,#c243be
2215,#d9730c
2216,#f0a254
2217,#0dd19c
2218,#2407e4
2219,#3b3631
2220,#536679
2221,#6a95c1
2222,#81c50f
2223,#98f456
2224,#af2a9e
2225,#c659e6
2226,#dd8934
2227,#f4b87c
2228,#12e7c3
2229,#291d11
2230,#404c59
2231,#577ca1
2232,#6eabe9
2233,#85db36
2234,#9c107e
2235,#b340c6
2236,#cb6f14
2237,#e29f5b
2238,#f9cea3
2239,#1603eb
2240,#2d3339
2241,#446281
2242,#5b92c8
2243,#72c116
2244,#8af15e
2245,#a126a6
2246,#b856ee
2247,#cf853b
2248,#e6b583
2249,#03e4cb
2250,#1a1a19
2251,#314961
2252,#4878a8
2253,#60a8f0
2254,#77d73e
2255,#8e0d86
2256,#a53ccd
2257,#bc6c1b
2258,#d39b63
2259,#eacbab
2260,#0700f3
2261,#1f3040
2262,#365f88
2263,#4d8ed0
2264,#64be1e
2265,#7bed66
2266,#9223ad
2267,#a952f5
2268,#c08243
2269,#d8b18b
2270,#efe1d3
2271,#0c1620
2272,#234668
2273,#3a75b0
2274,#51a4f8
2275,#68d445
2276,#7f098d
2277,#9739d5
2278,#ae6823
2279,#c5986b
2280,#dcc7b2
2281,#f3f700
2282,#102c48
2283,#275c90
2284,#3e8bd8
2285,#56ba25
2286,#6dea6d
2287,#841fb5
2288,#9b4f03
2289,#b27e4b
2290,#c9ae92
2291,#e0ddda
2292,#f71328
2293,#154270
2294,#2c72b7
2295,#43a105
2296,#5ad04d
2297,#710695
2298,#8835dd
2299,#9f652a
2300,#b69472
2301,#cec4ba
2302,#e5f308
2303,#022950
2304,#195897
2305,#3088df
2306,#47b72d
2307,#5ee675
2308,#751cbd
2309,#8d4b0a
2310,#a47b52
2311,#bbaa9a
2312,#d2dae2
2313,#e90f2f
2314,#063f77
2315,#1d6ebf
2316,#349e0d
2317,#4bcd55
2318,#63039c
2319,#7a32e4
2320,#916132
2321,#a8917a
2322,#bfc0c2
2323,#d6f00f
2324,#ed2557
2325,#0a559f
2326,#2284e7
2327,#39b435
2328,#50e37c
2329,#6719c4
2330,#7e4812
2331,#95775a
2332,#aca7a1
2333,#c3d6e9
2334,#db0c37
2335,#f23b7f
2336,#0f6bc7
2337,#269a14
2338,#3dca5c
2339,#54f9a4
2340,#6b2fec
2341,#825e3a
2342,#9a8d81
2343,#b1bdc9
2344,#c8ec17
2345,#df225f
2346,#f651a6
2347,#1381ee
2348,#2ab03c
2349,#41e084
2350,#5915cc
2351,#704519
2352,#877461
2353,#9ea3a9
2354,#b5d3f1
2355,#cc083f
2356,#e33886
2357,#0067ce
2358,#18971c
2359,#2fc664
2360,#46f6ac
2361,#5d2bf3
2362,#745b41
2363,#8b8a89
2364,#a2b9d1
2365,#b9e91e
2366,#d11e66
2367,#e84eae
2368,#057df6
2369,#1cad44
2370,#33dc8b
2371,#4a12d3
2372,#614121
2373,#787169
2374,#90a0b1
2375,#a7d0f8
2376,#be0546
2377,#d5348e
2378,#ec64d6
2379,#099324
2380,#20c36b
2381,#37f2b3
2382,#4e2801
2383,#665749
2384,#7d8790
2385,#94b6d8
2386,#abe626
2387,#c21b6e
2388,#d94ab6
2389,#f07a03
2390,#0da94b
2391,#25d993
2392,#3c0edb
2393,#533e29
2394,#6a6d70
2395,#819db8
2396,#98cc06
2397,#af024e
2398,#c63196
2399,#de60dd
2400,#f5902b
2401,#12bf73
2402,#29efbb
2403,#402408
2404,#575450
2405,#6e8398
2406,#85b3e0
2407,#9de22e
2408,#b41875
2409,#cb47bd
2410,#e2760b
2411,#f9a653
2412,#16d59b
2413,#2d0be2
2414,#443a30
2415,#5c6a78
2416,#7399c0
2417,#8ac90e
2418,#a1f855
2419,#b82e9d
2420,#cf5de5
2421,#e68c33
2422,#03bc7a
2423,#1bebc2
2424,#322110
2425,#495058
2426,#6080a0
2427,#77afe7
2428,#8edf35
2429,#a5147d
2430,#bc44c5
2431,#d47313
2432,#eba25a
2433,#08d2a2
2434,#1f07ea
2435,#363738
2436,#4d6680
2437,#6496c7
2438,#7bc515
2439,#92f55d
2440,#aa2aa5
2441,#c15aec
2442,#d8893a
2443,#efb982
2444,#0ce8ca
2445,#231d18
2446,#3a4d5f
2447,#517ca7
2448,#69acef
2449,#80db3d
2450,#971185
2451,#ae40cc
2452,#c5701a
2453,#dc9f62
2454,#f3cfaa
2455,#1004f1
2456,#28333f
2457,#3f6387
2458,#5692cf
2459,#6dc21d
2460,#84f164
2461,#9b27ac
2462,#b256f4
2463,#c98642
2464,#e1b58a
2465,#f8e5d1
2466,#151a1f
2467,#2c4967
2468,#4379af
2469,#5aa8f7
2470,#71d844
2471,#880d8c
2472,#a03dd4
2473,#b76c22
2474,#ce9c69
2475,#e5cbb1
2476,#0201f9
2477,#193047
2478,#305f8f
2479,#478fd6
2480,#5fbe24
2481,#76ee6c
2482,#8d23b4
2483,#a45302
2484,#bb8249
2485,#d2b291
2486,#e9e1d9
2487,#061727
2488,#1e466f
2489,#3575b6
2490,#4ca504
2491,#63d44c
2492,#7a0a94
2493,#9139db
2494,#a86929
2495,#bf9871
2496,#d7c8b9
2497,#eef707
2498,#0b2d4e
2499,#225c96
2500,#398cde
2501,#50bb2c
2502,#67ea74
2503,#7e20bb
2504,#954f09
2505,#ad7f51
2506,#c4ae99
2507,#dbdee1
2508,#f2132e
2509,#0f4376
2510,#2672be
2511,#3da20c
2512,#54d153
2513,#6c069b
2514,#8336e3
2515,#9a6531
2516,#b19579
2517,#c8c4c0
2518,#dff40e
2519,#f62956
2520,#13599e
2521,#2b88e6
2522,#42b833
2523,#59e77b
2524,#701cc3
2525,#874c11
2526,#9e7b59
2527,#b5aba0
2528,#ccdae8
2529,#e41036
2530,#013f7e
2531,#186fc5
2532,#2f9e13
2533,#46ce5b
2534,#5d03a3
2535,#7432eb
2536,#8b6238
2537,#a39180
2538,#bac1c8
2539,#d1f016
2540,#e8265e
2541,#0555a5
2542,#1c85ed
2543,#33b43b
2544,#4ae483
2545,#6219cb
2546,#794818
2547,#907860
2548,#a7a7a8
2549,#bed7f0
2550,#d50c3d
2551,#ec3c85
2552,#096bcd
2553,#219b1b
2554,#38ca63
2555,#4f00aa
2556,#662ff2
2557,#7d5e40
2558,#948e88
2559,#abbdd0
2560,#c2ed1d
2561,#da2265
2562,#f152ad
2563,#0e81f5
2564,#25b142
2565,#3ce08a
2566,#5316d2
2567,#6a4520
2568,#817568
2569,#98a4af
2570,#b0d3f7
2571,#c70945
2572,#de388d
2573,#f568d5
2574,#129722
2575,#29c76a
2576,#40f6b2
2577,#572c00
2578,#6f5b48
2579,#868b8f
2580,#9dbad7
2581,#b4e925
2582,#cb1f6d
2583,#e24eb4
2584,#f97e02
2585,#16ad4a
2586,#2edd92
2587,#4512da
2588,#5c4227
2589,#73716f
2590,#8aa1b7
2591,#a1d005
2592,#b8054d
2593,#cf3594
2594,#e764dc
2595,#04942a
2596,#1bc372
2597,#32f3ba
2598,#492807
2599,#60584f
2600,#778797
2601,#8eb7df
2602,#a6e62c
2603,#bd1b74
2604,#d44bbc
2605,#eb7a0a
2606,#08aa52
2607,#1fd999
2608,#360fe1
2609,#4d3e2f
2610,#656e77
2611,#7c9dbf
2612,#93cd0c
2613,#aa0254
2614,#c1319c
2615,#d861e4
2616,#ef9032
2617,#0cc079
2618,#24efc1
2619,#3b250f
2620,#525457
2621,#69849e
2622,#80b3e6
2623,#97e334
2624,#ae187c
2625,#c548c4
2626,#dc7711
2627,#f4a659
2628,#11d6a1
2629,#280be9
2630,#3f3b37
2631,#566a7e
2632,#6d9ac6
2633,#84c914
2634,#9bf95c
2635,#b32ea4
2636,#ca5eeb
2637,#e18d39
2638,#f8bc81
2639,#15ecc9
2640,#2c2116
2641,#43515e
2642,#5a80a6
2643,#72b0ee
2644,#89df3c
2645,#a01583
2646,#b744cb
2647,#ce7419
2648,#e5a361
2649,#02d2a9
2650,#1908f0
2651,#31373e
2652,#486786
2653,#5f96ce
2654,#76c61c
2655,#8df563
2656,#a42bab
2657,#bb5af3
2658,#d28a41
2659,#eab988
2660,#07e8d0
2661,#1e1e1e
2662,#354d66
2663,#4c7dae
2664,#63acf5
2665,#7adc43
2666,#91118b
2667,#a941d3
2668,#c07021
2669,#d7a068
2670,#eecfb0
2671,#0b04f8
2672,#223446
2673,#39638d
2674,#5093d5
2675,#68c223
2676,#7ff26b
2677,#9627b3
2678,#ad5700
2679,#c48648
2680,#dbb690
2681,#f2e5d8
2682,#0f1a26
2683,#274a6d
2684,#3e79b5
2685,#55a903
2686,#6cd84b
2687,#830e93
2688,#9a3dda
2689,#b16d28
2690,#c89c70
2691,#dfccb8
2692,#f70105
2693,#14314d
2694,#2b6095
2695,#428fdd
2696,#59bf2b
2697,#70ee72
2698,#8724ba
2699,#9e5308
2700,#b68350
2701,#cdb298
2702,#e4e2df
2703,#01172d
2704,#184775
2705,#2f76bd
2706,#46a50b
2707,#5dd552
2708,#750a9a
2709,#8c3ae2
2710,#a36930
2711,#ba9977
2712,#d1c8bf
2713,#e8f80d
2714,#052d55
2715,#1c5d9d
2716,#348ce4
2717,#4bbb32
2718,#62eb7a
2719,#7920c2
2720,#905010
2721,#a77f57
2722,#beaf9f
2723,#d5dee7
2724,#ed1435
2725,#0a437d
2726,#2173c4
2727,#38a212
2728,#4fd15a
2729,#6607a2
2730,#7d36e9
2731,#946637
2732,#ac957f
2733,#c3c5c7
2734,#daf415
2735,#f12a5c
2736,#0e59a4
2737,#2589ec
2738,#3cb83a
2739,#53e782
2740,#6b1dc9
2741,#824c17
2742,#997c5f
2743,#b0aba7
2744,#c7dbef
2745,#de103c
2746,#f54084
2747,#126fcc
2748,#2a9f1a
2749,#41ce61
2750,#5804a9
2751,#6f33f1
2752,#86623f
2753,#9d9287
2754,#b4c1ce
2755,#cbf11c
2756,#e22664
2757,#0056ac
2758,#1785f4
2759,#2eb541
2760,#45e489
2761,#5c1ad1
2762,#73491f
2763,#8a7867
2764,#a1a8ae
2765,#b9d7f6
2766,#d00d44
2767,#e73c8c
2768,#046cd3
2769,#1b9b21
2770,#32cb69
2771,#4900b1
2772,#6030f9
2773,#785f46
2774,#8f8e8e
2775,#a6bed6
2776,#bded24
2777,#d4236c
2778,#eb52b3
2779,#088201
2780,#1fb149
2781,#37e191
2782,#4e16d8
2783,#654626
2784,#7c756e
2785,#93a4b6
2786,#aad404
2787,#c1094b
2788,#d83993
2789,#f068db
2790,#0d9829
2791,#24c771
2792,#3bf7b8
2793,#522c06
2794,#695c4e
2795,#808b96
2796,#97bade
2797,#afea2b
2798,#c61f73
2799,#dd4fbb
2800,#f47e09
2801,#11ae50
2802,#28dd98
2803,#3f13e0
2804,#56422e
2805,#6e7276
2806,#85a1bd
2807,#9cd00b
2808,#b30653
2809,#ca359b
2810,#e165e3
2811,#f89430
2812,#15c478
2813,#2cf3c0
2814,#44290e
2815,#5b5856
2816,#72889d
2817,#89b7e5
2818,#a0e733
2819,#b71c7b
2820,#ce4bc2
2821,#e57b10
2822,#03aa58
2823,#1adaa0
2824,#310fe8
2825,#483f35
2826,#5f6e7d
2827,#769ec5
2828,#8dcd13
2829,#a4035b
2830,#bc32a2
2831,#d361ea
2832,#ea9138
2833,#07c080
2834,#1ef0c8
2835,#352515
2836,#4c555d
2837,#6384a5
2838,#7bb4ed
2839,#92e33a
2840,#a91982
2841,#c048ca
2842,#d77718
2843,#eea760
2844,#0bd6a7
2845,#220cef
2846,#3a3b3d
2847,#516b85
2848,#689acd
2849,#7fca1a
2850,#96f962
2851,#ad2faa
2852,#c45ef2
2853,#db8d40
2854,#f3bd87
2855,#10eccf
2856,#27221d
2857,#3e5165
2858,#5581ac
2859,#6cb0f4
2860,#83e042
2861,#9a158a
2862,#b245d2
2863,#c9741f
2864,#e0a367
2865,#f7d3af
2866,#1408f7
2867,#2b3845
2868,#42678c
2869,#5997d4
2870,#71c622
2871,#88f66a
2872,#9f2bb2
2873,#b65bf9
2874,#cd8a47
2875,#e4ba8f
2876,#01e9d7
2877,#181e24
2878,#2f4e6c
2879,#477db4
2880,#5ead02
2881,#75dc4a
2882,#8c1291
2883,#a341d9
2884,#ba7127
2885,#d1a06f
2886,#e8d0b7
2887,#060504
2888,#1d344c
2889,#346494
2890,#4b93dc
2891,#62c329
2892,#79f271
2893,#9028b9
2894,#a75707
2895,#bf874f
2896,#d6b696
2897,#ede6de
2898,#0a1b2c
2899,#214a74
2900,#387abc
2901,#4fa909
2902,#66d951
2903,#7e0e99
2904,#953ee1
2905,#ac6d2f
2906,#c39d76
2907,#daccbe
2908,#f1020c
2909,#0e3154
2910,#25609b
2911,#3d90e3
2912,#54bf31
2913,#6bef79
2914,#8224c1
2915,#99540e
2916,#b08356
2917,#c7b39e
2918,#dee2e6
2919,#f61834
2920,#13477b
2921,#2a76c3
2922,#41a611
2923,#58d559
2924,#6f0ba1
2925,#863ae8
2926,#9d6a36
2927,#b5997e
2928,#ccc9c6
2929,#e3f813
2930,#002e5b
2931,#175da3
2932,#2e8ceb
2933,#45bc39
2934,#5ceb80
2935,#7421c8
2936,#8b5016
2937,#a2805e
2938,#b9afa6
2939,#d0dfed
2940,#e7143b
2941,#044483
2942,#1b73cb
2943,#32a319
2944,#4ad260
2945,#6107a8
2946,#7837f0
2947,#8f663e
2948,#a69685
2949,#bdc5cd
2950,#d4f51b
2951,#eb2a63
2952,#095aab
2953,#2089f2
2954,#37b940
2955,#4ee888
2956,#651dd0
2957,#7c4d1e
2958,#937c65
2959,#aaacad
2960,#c2dbf5
2961,#d91143
2962,#f0408b
2963,#0d70d2
2964,#249f20
2965,#3bcf68
2966,#5204b0
2967,#6933f7
2968,#816345
2969,#98928d
2970,#afc2d5
2971,#c6f123
2972,#dd276a
2973,#f456b2
2974,#118600
2975,#28b548
2976,#40e590
2977,#571ad7
2978,#6e4925
2979,#85796d
2980,#9ca8b5
2981,#b3d803
2982,#ca0d4a
2983,#e13d92
2984,#f96cda
2985,#169c28
2986,#2dcb6f
2987,#4401b7
2988,#5b3005
2989,#725f4d
2990,#898f95
2991,#a0bedc
2992,#b8ee2a
2993,#cf2372
2994,#e653ba
2995,#038208
2996,#1ab24f
2997,#31e197
2998,#4817df
2999,#5f462d
3000,#777675
3001,#8ea5bc
3002,#a5d40a
3003,#bc0a52
3004,#d3399a
3005,#ea69e1
3006,#07982f
3007,#1ec877
3008,#35f7bf
3009,#4d2d0d
3010,#645c54
3011,#7b8c9c
3012,#92bbe4
3013,#a9ea32
3014,#c0207a
3015,#d74fc1
3016,#ee7f0f
3017,#0cae57
3018,#23de9f
3019,#3a13e6
3020,#514334
3021,#68727c
3022,#7fa2c4
3023,#96d112
3024,#ad0659
3025,#c536a1
3026,#dc65e9
3027,#f39537
3028,#10c47f
3029,#27f4c6
3030,#3e2914
3031,#55595c
3032,#6c88a4
3033,#84b8ec
3034,#9be739
3035,#b21c81
3036,#c94cc9
3037,#e07b17
3038,#f7ab5e
3039,#14daa6
3040,#2b10ee
3041,#433f3c
3042,#5a6f84
3043,#719ecb
3044,#88ce19
3045,#9f0361
3046,#b632a9
3047,#cd62f1
3048,#e4913e
3049,#02c186
3050,#19f0ce
3051,#30261c
3052,#475564
3053,#5e85ab
3054,#75b4f3
3055,#8ce441
3056,#a31989
3057,#bb48d0
3058,#d2781e
3059,#e9a766
3060,#06d7ae
3061,#1d0cf6
3062,#343c43
3063,#4b6b8b
3064,#629bd3
3065,#79ca21
3066,#910069
3067,#a82fb0
3068,#bf5ff8
3069,#d68e46
3070,#edbd8e
3071,#0aedd6
3072,#212223
3073,#38526b
3074,#5081b3
3075,#67b101
3076,#7ee048
3077,#951690
3078,#ac45d8
3079,#c37526
3080,#daa46e
3081,#f1d3b5
3082,#0f0903
3083,#26384b
3084,#3d6893
3085,#5497db
3086,#6bc728
3087,#82f670
3088,#992cb8
3089,#b05b06
3090,#c88b4e
3091,#dfba95
3092,#f6e9dd
3093,#131f2b
3094,#2a4e73
3095,#417eba
3096,#58ad08
3097,#6fdd50
3098,#871298
3099,#9e42e0
3100,#b5712d
3101,#cca175
3102,#e3d0bd
3103,#00050b
3104,#173553
3105,#2e649a
3106,#4694e2
3107,#5dc330
3108,#74f378
3109,#8b28c0
3110,#a2580d
3111,#b98755
3112,#d0b79d
3113,#e7e6e5
3114,#051b32
3115,#1c4b7a
3116,#337ac2
3117,#4aaa10
3118,#61d958
3119,#780f9f
3120,#8f3ee7
3121,#a66e35
3122,#be9d7d
3123,#d5cdc5
3124,#ec0212
3125,#09325a
3126,#2061a2
3127,#3790ea
3128,#4ec037
3129,#65ef7f
3130,#7c25c7
3131,#945415
3132,#ab845d
3133,#c2b3a4
3134,#d9e3ec
3135,#f0183a
3136,#0d4882
3137,#2477ca
3138,#3ba617
3139,#53d65f
3140,#6a0ba7
3141,#813bef
3142,#986a3d
3143,#af9a84
3144,#c6c9cc
3145,#ddf91a
3146,#f42e62
3147,#125ea9
3148,#298df1
3149,#40bc3f
3150,#57ec87
3151,#6e21cf
3152,#85511c
3153,#9c8064
3154,#b3b0ac
3155,#cbdff4
3156,#e21542
3157,#f94489
3158,#1674d1
3159,#2da31f
3160,#44d267
3161,#5b08af
3162,#7237f6
3163,#8a6744
3164,#a1968c
3165,#b8c6d4
3166,#cff521
3167,#e62b69
3168,#035ab1
3169,#1a8af9
3170,#31b947
3171,#49e88e
3172,#601ed6
3173,#774d24
3174,#8e7d6c
3175,#a5acb4
3176,#bcdc01
3177,#d31149
3178,#ea4191
3179,#0870d9
3180,#1fa027
3181,#36cf6e
3182,#4d04b6
3183,#643404
3184,#7b634c
3185,#929393
3186,#a9c2db
3187,#c1f229
3188,#d82771
3189,#ef57b9
3190,#0c8606
3191,#23b64e
3192,#3ae596
3193,#511bde
3194,#684a2c
3195,#7f7973
3196,#97a9bb
3197,#aed809
3198,#c50e51
3199,#dc3d99
3200,#f36de0
3201,#109c2e
3202,#27cc76
3203,#3e01be
3204,#56310b
3205,#6d6053
3206,#848f9b
3207,#9bbfe3
3208,#b2ee31
3209,#c92478
3210,#e053c0
3211,#f7830e
3212,#15b256
3213,#2ce29e
3214,#4317e5
3215,#5a4733
3216,#71767b
3217,#88a5c3
3218,#9fd511
3219,#b60a58
3220,#ce3aa0
3221,#e569e8
3222,#029936
3223,#19c87d
3224,#30f8c5
3225,#472d13
3226,#5e5d5b
3227,#758ca3
3228,#8dbbea
3229,#a4eb38
3230,#bb2080
3231,#d250c8
3232,#e97f16
3233,#06af5d
3234,#1ddea5
3235,#3414ed
3236,#4c433b
3237,#637382
3238,#7aa2ca
3239,#91d118
3240,#a80760
3241,#bf36a8
3242,#d666ef
3243,#ed953d
3244,#0bc585
3245,#22f4cd
3246,#392a1b
3247,#505962
3248,#6789aa
3249,#7eb8f2
3250,#95e840
3251,#ac1d88
3252,#c34ccf
3253,#db7c1d
3254,#f2ab65
3255,#0fdbad
3256,#2610f4
3257,#3d4042
3258,#546f8a
3259,#6b9fd2
3260,#82ce20
3261,#9a0467
3262,#b133af
3263,#c862f7
3264,#df9245
3265,#f6c18d
3266,#13f1d4
3267,#2a2622
3268,#41566a
3269,#5985b2
3270,#70b500
3271,#87e447
3272,#9e1a8f
3273,#b549d7
3274,#cc7825
3275,#e3a86c
3276,#00d7b4
3277,#180d02
3278,#2f3c4a
3279,#466c92
3280,#5d9bd9
3281,#74cb27
3282,#8b006f
3283,#a230b7
3284,#b95f05
3285,#d18e4c
3286,#e8be94
3287,#05eddc
3288,#1c232a
3289,#335272
3290,#4a82b9
3291,#61b107
3292,#78e14f
3293,#901697
3294,#a746de
3295,#be752c
3296,#d5a474
3297,#ecd4bc
3298,#09090a
3299,#203951
3300,#376899
3301,#4f98e1
3302,#66c72f
3303,#7df777
3304,#942cbe
3305,#ab5c0c
3306,#c28b54
3307,#d9ba9c
3308,#f0eae4
3309,#0e1f31
3310,#254f79
3311,#3c7ec1
3312,#53ae0f
3313,#6add56
3314,#81139e
3315,#9842e6
3316,#af7234
3317,#c6a17c
3318,#ded1c3
3319,#f50611
3320,#123559
3321,#2965a1
3322,#4094e9
3323,#57c436
3324,#6ef37e
3325,#8529c6
3326,#9d5814
3327,#b4885c
3328,#cbb7a3
3329,#e2e7eb
3330,#f91c39
3331,#164b81
3332,#2d7bc8
3333,#44aa16
3334,#5cda5e
3335,#730fa6
3336,#8a3fee
3337,#a16e3b
3338,#b89e83
3339,#cfcdcb
3340,#e60319
3341,#033261
3342,#1b61a8
3343,#3291f0
3344,#49c03e
3345,#60f086
3346,#7725cd
3347,#8e551b
3348,#a58463
3349,#bcb4ab
3350,#d4e3f3
3351,#eb1940
3352,#084888
3353,#1f77d0
3354,#36a71e
3355,#4dd666
3356,#640cad
3357,#7b3bf5
3358,#936b43
3359,#aa9a8b
3360,#c1cad3
3361,#d8f920
3362,#ef2f68
3363,#0c5eb0
3364,#238df8
3365,#3abd45
3366,#52ec8d
3367,#6922d5
3368,#805123
3369,#97816b
3370,#aeb0b2
3371,#c5e000
3372,#dc1548
3373,#f34590
3374,#1174d8
3375,#28a425
3376,#3fd36d
3377,#5608b5
3378,#6d3803
3379,#84674b
3380,#9b9792
3381,#b2c6da
3382,#c9f628
3383,#e12b70
3384,#f85bb7
3385,#158a05
3386,#2cba4d
3387,#43e995
3388,#5a1edd
3389,#714e2a
3390,#887d72
3391,#a0adba
3392,#b7dc08
3393,#ce1250
3394,#e54197
3395,#0271df
3396,#19a02d
3397,#30d075
3398,#4705bd
3399,#5f340a
3400,#766452
3401,#8d939a
3402,#a4c3e2
3403,#bbf22f
3404,#d22877
3405,#e957bf
3406,#06870d
3407,#1eb655
3408,#35e69c
3409,#4c1be4
3410,#634a32
3411,#7a7a7a
3412,#91a9c2
3413,#a8d90f
3414,#bf0e57
3415,#d73e9f
3416,#ee6de7
3417,#0b9d35
3418,#22cc7c
3419,#3902c4
3420,#503112
3421,#67605a
3422,#7e90a1
3423,#96bfe9
3424,#adef37
3425,#c4247f
3426,#db54c7
3427,#f28314
3428,#0fb35c
3429,#26e2a4
3430,#3d18ec
3431,#55473a
3432,#6c7681
3433,#83a6c9
3434,#9ad517
3435,#b10b5f
3436,#c83aa7
3437,#df6aee
3438,#f6993c
3439,#13c984
3440,#2bf8cc
3441,#422e19
3442,#595d61
3443,#708da9
3444,#87bcf1
3445,#9eeb3f
3446,#b52186
3447,#cc50ce
3448,#e4801c
3449,#01af64
3450,#18dfac
3451,#2f14f3
3452,#464441
3453,#5d7389
3454,#74a3d1
3455,#8bd21e
3456,#a30766
3457,#ba37ae
3458,#d166f6
3459,#e89644
3460,#05c58b
3461,#1cf5d3
3462,#332a21
3463,#4a5a69
3464,#6289b1
3465,#79b9f8
3466,#90e846
3467,#a71d8e
3468,#be4dd6
3469,#d57c24
3470,#ecac6b
3471,#09dbb3
3472,#211101
3473,#384049
3474,#4f7090
3475,#669fd8
3476,#7dcf26
3477,#94046e
3478,#ab33b6
3479,#c26303
3480,#da924b
3481,#f1c293
3482,#0ef1db
3483,#252729
3484,#3c5670
3485,#5386b8
3486,#6ab506
3487,#81e54e
3488,#991a96
3489,#b049dd
3490,#c7792b
3491,#dea873
3492,#f5d8bb
3493,#120d08
3494,#293d50
3495,#406c98
3496,#589ce0
3497,#6fcb2e
3498,#860175
3499,#9d30bd
3500,#b4600b
3501,#cb8f53
3502,#e2be9b
3503,#f9eee2
3504,#162330
3505,#2e5378
3506,#4582c0
3507,#5cb20e
3508,#73e155
3509,#8a179d
3510,#a146e5
3511,#b87633
3512,#cfa57a
3513,#e7d4c2
3514,#040a10
3515,#1b3958
3516,#3269a0
3517,#4998e7
3518,#60c835
3519,#77f77d
3520,#8e2dc5
3521,#a65c13
3522,#bd8c5a
3523,#d4bba2
3524,#ebeaea
3525,#082038
3526,#1f4f80
3527,#367fc7
3528,#4dae15
3529,#65de5d
3530,#7c13a5
3531,#9343ec
3532,#aa723a
3533,#c1a282
3534,#d8d1ca
3535,#ef0618
3536,#0c365f
3537,#2465a7
3538,#3b95ef
3539,#52c43d
3540,#69f485
3541,#8029cc
3542,#97591a
3543,#ae8862
3544,#c5b8aa
3545,#dde7f2
3546,#f41c3f
3547,#114c87
3548,#287bcf
3549,#3fab1d
3550,#56da64
3551,#6d10ac
3552,#843ff4
3553,#9c6f42
3554,#b39e8a
3555,#caced1
3556,#e1031f
3557,#f83267
3558,#1562af
3559,#2c91f7
3560,#43c144
3561,#5bf08c
3562,#7226d4
3563,#895522
3564,#a08569
3565,#b7b4b1
3566,#cee4f9
3567,#e51947
3568,#02498f
3569,#1978d6
3570,#31a724
3571,#48d76c
3572,#5f0cb4
3573,#763c02
3574,#8d6b49
3575,#a49b91
3576,#bbcad9
3577,#d20027
3578,#ea2f6f
3579,#075fb6
3580,#1e8e04
3581,#35bd4c
3582,#4ced94
3583,#6322db
3584,#7a5229
3585,#918171
3586,#a9b1b9
3587,#c0e007
3588,#d7164e
3589,#ee4596
3590,#0b75de
3591,#22a42c
3592,#39d374
3593,#5009bb
3594,#683809
3595,#7f6851
3596,#969799
3597,#adc7e1
3598,#c4f62e
3599,#db2c76
3600,#f25bbe
3601,#0f8b0c
3602,#27ba53
3603,#3ee99b
3604,#551fe3
3605,#6c4e31
3606,#837e79
3607,#9aadc0
3608,#b1dd0e
3609,#c81256
3610,#e0429e
3611,#f771e6
3612,#14a133
3613,#2bd07b
3614,#4205c3
3615,#593511
3616,#706459
3617,#8794a0
3618,#9fc3e8
3619,#b6f336
3620,#cd287e
3621,#e458c5
3622,#018713
3623,#18b75b
3624,#2fe6a3
3625,#461ceb
3626,#5d4b38
3627,#757a80
3628,#8caac8
3629,#a3d916
3630,#ba0f5e
3631,#d13ea5
3632,#e86eed
3633,#059d3b
3634,#1ccd83
3635,#3402cb
3636,#4b3218
3637,#626160
3638,#7990a8
3639,#90c0f0
3640,#a7ef3d
3641,#be2585
3642,#d554cd
3643,#ed841b
3644,#0ab363
3645,#21e3aa
3646,#3818f2
3647,#4f4840
3648,#667788
3649,#7da6d0
3650,#94d61d
3651,#ac0b65
3652,#c33bad
3653,#da6af5
3654,#f19a43
3655,#0ec98a
3656,#25f9d2
3657,#3c2e20
3658,#535e68
3659,#6b8daf
3660,#82bcf7
3661,#99ec45
3662,#b0218d
3663,#c751d5
3664,#de8022
3665,#f5b06a
3666,#12dfb2
3667,#2a1500
3668,#414448
3669,#58748f
3670,#6fa3d7
3671,#86d225
3672,#9d086d
3673,#b437b4
3674,#cb6702
3675,#e3964a
3676,#00c692
3677,#17f5da
3678,#2e2b27
3679,#455a6f
3680,#5c8ab7
3681,#73b905
3682,#8ae84d
3683,#a21e94
3684,#b94ddc
3685,#d07d2a
3686,#e7ac72
3687,#04dcba
3688,#1b1107
3689,#32414f
3690,#497097
3691,#60a0df
3692,#78cf2c
3693,#8f0574
3694,#a634bc
3695,#bd630a
3696,#d49352
3697,#ebc299
3698,#08f2e1
3699,#1f272f
3700,#375777
3701,#4e86bf
3702,#65b60c
3703,#7ce554
3704,#931b9c
3705,#aa4ae4
3706,#c17932
3707,#d8a979
3708,#f0d8c1
3709,#0d0e0f
3710,#243d57
3711,#3b6d9e
3712,#529ce6
3713,#69cc34
3714,#80017c
3715,#9731c4
3716,#af6011
3717,#c68f59
3718,#ddbfa1
3719,#f4eee9
3720,#112437
3721,#28537e
3722,#3f83c6
3723,#56b214
3724,#6ee25c
3725,#8517a4
3726,#9c47eb
3727,#b37639
3728,#caa581
3729,#e1d5c9
3730,#f80a16
3731,#153a5e
3732,#2d69a6
3733,#4499ee
3734,#5bc83c
3735,#72f883
3736,#892dcb
3737,#a05d19
3738,#b78c61
3739,#cebba9
3740,#e6ebf0
3741,#03203e
3742,#1a5086
3743,#317fce
3744,#48af1c
3745,#5fde63
3746,#7614ab
3747,#8d43f3
3748,#a57341
3749,#bca288
3750,#d3d2d0
3751,#ea071e
3752,#073666
3753,#1e66ae
3754,#3595f5
3755,#4cc543
3756,#63f48b
3757,#7b2ad3
3758,#925921
3759,#a98968
3760,#c0b8b0
3761,#d7e8f8
3762,#ee1d46
3763,#0b4c8e
3764,#227cd5
3765,#3aab23
3766,#51db6b
3767,#6810b3
3768,#7f4000
3769,#966f48
3770,#ad9f90
3771,#c4ced8
3772,#db0426
3773,#f3336d
3774,#1062b5
3775,#279203
3776,#3ec14b
3777,#55f193
3778,#6c26da
3779,#835628
3780,#9a8570
3781,#b2b5b8
3782,#c9e405
3783,#e01a4d
3784,#f74995
3785,#1478dd
3786,#2ba82b
3787,#42d772
3788,#590dba
3789,#713c08
3790,#886c50
3791,#9f9b98
3792,#b6cbdf
3793,#cd002d
3794,#e43075
3795,#015fbd
3796,#188e0b
3797,#30be52
3798,#47ed9a
3799,#5e23e2
3800,#755230
3801,#8c8277
3802,#a3b1bf
3803,#bae10d
3804,#d11655
3805,#e9469d
3806,#0675e4
3807,#1da432
3808,#34d47a
3809,#4b09c2
3810,#623910
3811,#796857
3812,#90989f
3813,#a7c7e7
3814,#bff735
3815,#d62c7d
3816,#ed5cc4
3817,#0a8b12
3818,#21bb5a
3819,#38eaa2
3820,#4f1fe9
3821,#664f37
3822,#7e7e7f
3823,#95aec7
3824,#acdd15
3825,#c3135c
3826,#da42a4
3827,#f172ec
3828,#0ea13a
3829,#25d182
3830,#3d06c9
3831,#543517
3832,#6b655f
3833,#8294a7
3834,#99c4ef
3835,#b0f33c
3836,#c72984
3837,#de58cc
3838,#f6881a
3839,#13b761
3840,#2ae7a9
3841,#411cf1
3842,#584b3f
3843,#6f7b87
3844,#86aace
3845,#9dda1c
3846,#b50f64
3847,#cc3fac
3848,#e36ef4
3849,#009e41
3850,#17cd89
3851,#2e03d1
3852,#45321f
3853,#5c6167
3854,#7491ae
3855,#8bc0f6
3856,#a2f044
3857,#b9258c
3858,#d055d3
3859,#e78421
3860,#04b469
3861,#1be3b1
3862,#3319f9
3863,#4a4846
3864,#61778e
3865,#78a7d6
3866,#8fd624
3867,#a60c6c
3868,#bd3bb3
3869,#d46b01
3870,#ec9a49
3871,#09ca91
3872,#20f9d9
3873,#372f26
3874,#4e5e6e
3875,#658eb6
3876,#7cbd04
3877,#93ec4b
3878,#aa2293
3879,#c251db
3880,#d98129
3881,#f0b071
3882,#0de0b8
3883,#241506
3884,#3b454e
3885,#527496
3886,#69a4de
3887,#81d32b
3888,#980873
3889,#af38bb
3890,#c66709
3891,#dd9750
3892,#f4c698
3893,#11f6e0
3894,#282b2e
3895,#405b76
3896,#578abd
3897,#6eba0b
3898,#85e953
3899,#9c1e9b
3900,#b34ee3
3901,#ca7d30
3902,#e1ad78
3903,#f9dcc0
3904,#16120e
3905,#2d4156
3906,#44719d
3907,#5ba0e5
3908,#72d033
3909,#89057b
3910,#a034c2
3911,#b86410
3912,#cf9358
3913,#e6c3a0
3914,#03f2e8
3915,#1a2835
3916,#31577d
3917,#4887c5
3918,#5fb613
3919,#77e65b
3920,#8e1ba2
3921,#a54aea
3922,#bc7a38
3923,#d3a980
3924,#ead9c8
3925,#070e15
3926,#1e3e5d
3927,#366da5
3928,#4d9ded
3929,#64cc3a
3930,#7b0282
3931,#9231ca
3932,#a96018
3933,#c09060
3934,#d7bfa7
3935,#efefef
3936,#0c243d
3937,#235485
3938,#3a83cd
3939,#51b31a
3940,#68e262
3941,#7f18aa
3942,#9647f2
3943,#ad7740
3944,#c5a687
3945,#dcd5cf
3946,#f30b1d
3947,#103a65
3948,#276aac
3949,#3e99f4
3950,#55c942
3951,#6cf88a
3952,#842ed2
3953,#9b5d1f
3954,#b28d67
3955,#c9bcaf
3956,#e0ebf7
3957,#f72145
3958,#14508c
3959,#2b80d4
3960,#43af22
3961,#5adf6a
3962,#7114b2
3963,#8844f9
3964,#9f7347
3965,#b6a38f
3966,#cdd2d7
3967,#e40724
3968,#02376c
3969,#1966b4
3970,#309602
3971,#47c54a
3972,#5ef591
3973,#752ad9
3974,#8c5a27
3975,#a3896f
3976,#bbb9b7
3977,#d2e804
3978,#e91d4c
3979,#064d94
3980,#1d7cdc
3981,#34ac2a
3982,#4bdb71
3983,#6211b9
3984,#7a4007
3985,#91704f
3986,#a89f96
3987,#bfcfde
3988,#d6042c
3989,#ed3374
3990,#0a63bc
3991,#219209
3992,#39c251
3993,#50f199
3994,#6727e1
3995,#7e562f
3996,#958676
3997,#acb5be
3998,#c3e50c
3999,#da1a54
